boiler_pressure_bar,boiler_temp_C,condenser_pressure_bar,turbine_efficiency,pump_efficiency,mass_flow_rate_kg_s,power_output_MW,cycle_efficiency_percent
82.43561663863075,590.1428612819832,0.15711903068982483,0.8697316968394073,0.7390046601106091,120.1975341512912,143.02499065031375,50.0
32.881829201412344,593.9819704323988,0.1731908225280675,0.7924678221356553,0.7454562418017752,132.53202943404523,144.583142043837,50.0
72.59391401433528,504.9512863264476,0.10911120298273852,0.8082458280396083,0.8529632236805949,112.77223729341883,108.95413289949259,50.0
93.84979779038503,557.0351922786027,0.07194780514533755,0.8528468876827223,0.8481036422155106,70.90268572399897,78.46884766323659,50.0
115.05627926620137,434.10482473745833,0.05040825487764472,0.9397771074506667,0.9414080082686398,413.7788066524075,408.5867344271197,50.0
125.79262371170196,488.03049874792026,0.059526117575164614,0.849035382022254,0.7085971302788046,459.1941809354519,451.87631536460975,50.0
66.22919742400236,532.5044568707964,0.08987377217430575,0.8540136042355622,0.8366775698358199,133.18450498648718,142.12014922014598,50.0
42.38895028726873,439.196572483829,0.04723636622568609,0.8150660661526529,0.7971693224223705,172.10706429825316,148.8012507387891,50.0
146.02325128127012,471.3506653387179,0.08494952154998092,0.8585392166316497,0.7352310562436906,410.98864133931784,397.64373565514876,50.0
30.773096397304336,563.0922856909668,0.15309717501561873,0.8958014336081974,0.8928175866714864,83.32009328034067,98.0626876823484,50.0
80.18520199619817,423.17381190502596,0.17809654814009498,0.8746596253655116,0.7827245062131623,78.60125762871064,71.17292953627224,49.56537414641009
132.14486496732897,527.5114942710426,0.18195403881221225,0.8444429850323898,0.7298985614845754,370.9601542503477,389.7266536400975,50.0
136.50990680636565,512.2554395138992,0.16335474879272976,0.8487591192728782,0.8306832073454985,242.39345826134732,249.488807927834,50.0
74.00983735068573,501.71413823294057,0.1852106358281749,0.7998584458297749,0.8025957307589073,389.9980123443719,372.0511682590627,50.0
62.03174316882715,415.3959819657586,0.08636023246620289,0.7822442574508008,0.9324244130856432,413.65417080398765,328.46786441325236,50.0
142.514090765876,437.31401177720716,0.18280943975839645,0.8578684483831301,0.9018600387910156,453.24108496557193,413.6157709391632,50.0
74.52048649606094,422.0103849055354,0.07646962600671067,0.8354215577252513,0.9045036914806233,437.32876246535454,375.52688104408827,50.0
88.43754044082905,444.42156209414605,0.059178458773389245,0.8175230342807256,0.9357274259781297,195.44131940933985,171.25015219031016,50.0
102.63068704407125,540.6037917790355,0.09818073638068704,0.9443564165441921,0.9406118237355278,163.30203312141387,195.25458333025776,50.0
69.87766921284546,407.37738947090656,0.1375302934367835,0.8505358046457723,0.7128696878124973,175.39090890647515,149.41959809472294,49.3070698491971
157.15722403533152,447.9123781333945,0.0631831795345957,0.8478905520555126,0.9464126135276502,158.92487218017519,145.39405108387464,50.0
63.26925615893595,545.6432697223719,0.09884530123508052,0.8764611661187158,0.8583824276902237,291.0986078336413,325.6127102636087,50.0
42.64056780761716,567.0604991178476,0.09132481039547774,0.7873037020799708,0.7101937853886909,315.90182443470883,327.9715944136825,50.0
120.32419065732299,434.8732858009983,0.15055003809639456,0.8273470692601075,0.9341824971841836,111.88442486569696,97.86895454707107,50.0
77.7492891470362,422.69470424811783,0.18795097892457005,0.9254678706761962,0.7644854069287889,346.99282071538056,332.3018671627419,50.0
104.1510809698409,448.37045818009034,0.05489644284894388,0.9294431515906654,0.9251045142908325,334.8956557729706,336.00771929322923,50.0
77.4641707468181,469.84191492253217,0.1561529086192383,0.9294220519905154,0.9217716060662793,400.9439956359307,420.15540382384944,50.0
52.62801997324593,579.7108377054159,0.1370286495455344,0.7518394103233259,0.725367885716508,348.5757960986251,352.82186046422146,50.0
30.708621738470615,432.1616102834997,0.12779740629865377,0.8883790395385386,0.8629903148756501,150.9211892572519,140.8745900339911,50.0
75.55595774229748,549.2982810236049,0.14394126384755435,0.9198446820988355,0.8644032230750858,305.7388715009622,361.6066664851363,50.0
43.11446749593294,473.5431606118867,0.08243237882907607,0.7987979286758167,0.9432526386881114,226.89397610004218,205.02288511630968,50.0
141.2735824958308,500.5274186210384,0.13230462154021747,0.8485035387637727,0.7488107469495111,375.1034518676774,378.00759876321445,50.0
69.30813074171981,404.86319328629077,0.14327556734514685,0.7854221358814097,0.9351146460882285,479.2678596511643,375.2569582820165,48.8726228114799
32.16392631404144,585.663712517545,0.1085094637307703,0.9433309638087339,0.9409049942723131,433.854254960312,555.2757520327922,50.0
71.22284488974199,477.01954572038505,0.17618186744269712,0.8133844010312555,0.7423731866715231,300.56056810625756,279.39355591573366,50.0
109.8085638125111,419.4352987541537,0.13840115627186717,0.9480107700208527,0.7350210038091309,283.24834356368154,275.44785102425067,50.0
152.83223006991375,548.1537235508408,0.15152251855924287,0.8904968167974219,0.7898727878049387,182.116329919022,208.21255008146116,50.0
151.39012460121452,582.6481105112942,0.12181478381775004,0.8503032589374399,0.8995737947416937,342.4837688499943,393.54424116996495,50.0
128.27536281607848,559.1585338872202,0.18240085469081063,0.8175990313703072,0.7938957381599859,92.29187292839106,98.65625727757352,50.0
95.18372253854442,508.52892694151535,0.0858466003405255,0.8681666521138022,0.7076250624847623,66.80668493714649,69.67751297052698,50.0
145.16407849235216,472.03812828225256,0.06032968202430157,0.8544486520109609,0.8924983882746527,147.11946237357944,141.68234971157688,50.0
37.23544096360508,506.2709263136296,0.12650161945761704,0.8774859802996413,0.8815228334306653,489.1334357581406,514.5629579881638,50.0
102.28204876216735,464.5912945882492,0.1672297911629926,0.8041664502524148,0.809742855176409,85.30537160401968,76.66320850878505,50.0
87.25341221799778,434.6588640141691,0.06502992682737377,0.8000485796329191,0.83730666617653,371.56816521502805,312.89997192216697,50.0
122.42763274048238,455.98677938918854,0.19277844490611107,0.8975793833391537,0.8385885131278501,325.2743358054585,321.6262707374502,50.0
79.83617501117662,551.5692220928738,0.04230295818076094,0.7732145281013832,0.7115006605054381,68.32796104353656,67.90273903962277,50.0
149.764481761541,540.7315718760048,0.11586781265397203,0.7695668321302003,0.822903968779208,263.0622968512546,256.54850521609353,50.0
85.79066281563229,523.1700196104433,0.141614984138823,0.759060801954409,0.7936531536566178,331.63696207140634,310.4922446446914,50.0
100.43907620121227,571.2979682376645,0.1453909810590312,0.782586885416286,0.7176421868501074,339.088675192842,352.90155015039494,50.0
161.63223379949406,515.0948355751758,0.10210718819304351,0.8786576436884705,0.8145632226228792,295.5275551921707,315.57267738885486,50.0
161.80507322871352,477.22052756015484,0.1937904902118263,0.9310701283912127,0.7489477836973241,81.21258539382445,86.51299021036047,50.0
39.96641078443206,463.79512605875226,0.17518004975511275,0.7546543871471652,0.9036171206472339,176.83464864802997,148.97574012945515,49.77746886031465
46.543075867031874,539.3474330728302,0.14063085548478144,0.9254944027054106,0.8837677609509714,411.5664186731819,482.11824819497184,50.0
135.08606522972016,561.3669478534528,0.19848082272010775,0.8325235353822853,0.7930045214481958,399.3858323338986,436.4562766660266,50.0
77.7124956354225,586.1514651207129,0.1773460402948819,0.8357988054750036,0.8877177669478743,389.5442933381071,443.1706958546947,50.0
74.80694414428564,579.1046456992401,0.1022722685974661,0.7521675302960596,0.9263454941048159,91.0790045537601,92.02657883305562,50.0
74.70390926265807,590.0123934101609,0.19209714351000898,0.8646875776246572,0.8579593030424497,251.8004848902439,298.2077521641739,50.0
124.15258385078538,550.474905887536,0.16665264699613577,0.9079236285589107,0.7228015257621725,272.48913711616166,318.967607846322,50.0
38.0582264023302,509.9057764647471,0.11064488021974034,0.92754083655166,0.7877287531380196,102.68015739242264,114.79699033150243,50.0
116.55052886427654,420.22453522455805,0.05345708897839959,0.890193826291824,0.7181907515910484,419.8370266806603,382.377832535266,50.0
128.87391180190946,416.26975612838,0.053574034253630706,0.947327915700235,0.79356769893903,216.7889661801009,208.49560772553843,50.0
138.80056822984113,511.680849947161,0.1078755214795162,0.9312708770189472,0.7277993705765378,271.6812969308866,305.8258687606169,50.0
31.58951026743867,493.73212839882524,0.049008524109093975,0.7737635832536144,0.7293815616942761,342.1446359522286,309.72211287980014,50.0
164.70415678643587,474.9741159047408,0.08571393380509772,0.923719825637892,0.7558989596298631,483.4501427482751,506.51766012426924,50.0
31.70162645657429,593.9757653415278,0.04690558591209218,0.9282286227396142,0.831925277271575,496.83415825368513,631.9475719764172,50.0
165.70235498667387,504.6195688340298,0.140703782101642,0.8891497377969234,0.8136352661919433,332.40113603782856,353.564120490079,50.0
111.80400366923404,580.2316020981978,0.04727142085463326,0.8061926379184461,0.9376028710191396,450.61870275091235,487.8294704941173,50.0
68.83336561735857,437.62423194475224,0.11419174479039715,0.8206704456052105,0.845914027962718,84.98058663424317,73.99233475231674,50.0
166.4152730732633,597.2421488959205,0.15170587424315923,0.8572192732688241,0.7773819040715819,416.2077588681269,493.09660294169186,50.0
157.52980582913796,564.5074485846338,0.19196798612670785,0.895143901677672,0.8533537989839475,238.2093663307785,281.17010420677394,50.0
160.58198766956187,573.2127779000816,0.04723498721699031,0.7552733948994504,0.7941158417195123,414.7489988518248,416.24114093855167,50.0
165.78801569404445,568.4237846271417,0.17413259275378207,0.843738631958994,0.8037048755844163,173.0331823688178,193.52399440800374,50.0
37.892569531129794,572.9444752510107,0.1700641614608124,0.949943534657226,0.9491592092684763,299.9442675211824,380.20851478639764,50.0
93.07617894341308,425.83188303029897,0.1926481643613956,0.871234926890176,0.7571607013758657,352.26530798263553,319.57987689562617,50.0
116.53795366410542,471.6325436065681,0.058169214751940646,0.8843146391185599,0.8300769252259483,397.5432762810377,395.910070961223,50.0
107.26695742842797,512.1875943070772,0.18026457642533522,0.8306965732424794,0.7335038071126602,62.95220434100254,63.45315282591887,50.0
135.71921579430665,524.0619102706929,0.1526527628958758,0.7925928323017821,0.7340928688966923,56.545099550546865,55.383194538806066,50.0
84.91416631396253,487.4949844047458,0.18466539111899977,0.81965109340466,0.8284973722899527,402.6438557335144,384.2256575622328,50.0
85.51598952497783,524.4173400455747,0.17797819339947923,0.9399041247315284,0.7367683702322594,466.96443132267245,543.2434944055516,50.0
94.27900587335658,596.0065150570954,0.11881889503885915,0.8157503220575016,0.8583502135791814,158.0655284501869,177.6761493358582,50.0
40.62086593521295,425.77594438212986,0.060487334233243595,0.7803805387024588,0.7347067931623525,338.3936351614466,273.20655987901483,48.514535281125816
155.55037738684166,494.7923280525745,0.14680923816336436,0.784463974240326,0.7480722547021676,68.39087731991549,63.142243750219244,50.0
53.650908830103035,455.71806780639173,0.06832167748427949,0.7677405067514111,0.7301589677751501,257.3504456147266,216.31910764257708,50.0
100.47841791967997,538.0789657258731,0.04628994237457583,0.9098820797818085,0.8569750973727269,86.79156437699235,99.38167981769612,50.0
152.30100737494882,584.1744801063626,0.0497724735767782,0.8053755296294407,0.9015503199482653,386.71686067264625,420.7214676756936,50.0
81.86609439079348,496.90459703820426,0.13892076344484736,0.8237827279139545,0.815633679033287,386.36192216019043,375.8087422947978,50.0
35.13564840468371,450.48738886880415,0.1541359337415284,0.9290413675374398,0.8279193605289165,289.45106836939203,292.7595573885273,50.0
104.56641730370325,448.49410072694593,0.08307891695190095,0.8254568326209245,0.7050177994444315,194.93562451243022,173.9676026285405,50.0
59.60272097951625,465.4994704355829,0.059161941091080195,0.9281054561479789,0.8483981133885121,355.59604361502033,367.63994108543466,50.0
42.16884033223931,507.42130836370956,0.13389457888334066,0.8990878948368659,0.8079148865574198,107.4111362580037,116.03492748301613,50.0
69.72862681182143,472.616459279727,0.1433467586130562,0.8641556609337824,0.7890241814744615,493.93186195684086,483.3469476406948,50.0
44.249546166856526,430.5718278368664,0.0793532365415213,0.7821362746519112,0.7466417560128265,178.2928259122312,145.74002770176128,50.0
54.272303341265676,579.353084925285,0.05283739930586275,0.8549022779140509,0.8025992067474154,492.0703776088729,564.2676789161923,50.0
165.72586065855165,573.101425178796,0.1707315313518848,0.8015805654089879,0.7427218968475164,350.88944896599395,375.4170370802024,50.0
160.11263847786202,511.35257860278597,0.13145803031518397,0.8059958187320568,0.8923732332979841,134.1696868508855,130.77157910987776,50.0
101.0654530158237,448.48194648301603,0.05837389195827257,0.8721240084883265,0.7721576383100639,311.5571996401755,293.4219320316705,50.0
51.61078013838832,496.22802037096346,0.12521430920825374,0.7603647073644854,0.7841510695484801,110.48660462253841,99.0241299952372,50.0
65.64969166692694,536.3005444447858,0.16163645758234985,0.8691277481215688,0.8178940471375395,235.32841136627084,257.84804607502923,50.0
78.84155731601933,585.9058288495652,0.17289910524603666,0.9430053821333024,0.7310743058713861,378.8903638416399,486.08523300983427,50.0
110.42623584518766,568.3657553516543,0.06236358026020632,0.909053462371978,0.7504068300119361,123.64517428956702,148.35120252046556,50.0
52.997211710339016,562.9149440462764,0.14643155531139201,0.8546130849538238,0.7897076210308756,444.7402433658987,499.1037008791591,50.0
91.47888719983058,475.3888858849815,0.11402876570713702,0.8102755748328284,0.8869023450440627,276.22417554161564,254.3641658696407,50.0
62.50977732055442,579.9149146549137,0.10142259541971382,0.8587105722227977,0.9266180277411367,330.90709816129646,382.15821194546936,50.0
49.498090172874214,558.8050378540593,0.13921164094856217,0.8566922183952643,0.9234731457627394,404.86874505103884,452.48759742315775,50.0
51.234483162585164,462.3444135591096,0.07975826237031453,0.8987892585145354,0.7083831086839448,306.45035819209244,305.36759102053315,50.0
77.89144482022704,564.2514609344025,0.05770107791283316,0.9192904583469036,0.7318721655829956,228.77928075216528,275.804050501841,50.0
141.62135120913752,429.9834854697548,0.07668022323722264,0.8944505136786132,0.8800091341365186,338.5164347983838,316.04853187674826,50.0
65.25186824697339,469.1391987007839,0.0690556346882281,0.9316901122667256,0.84584794869153,230.38313754363796,240.7747643786556,50.0
94.68081251017857,589.4566679223631,0.06453622449857283,0.8672459664033594,0.8264721697211165,325.1544059455915,384.1083295444625,50.0
127.53111534276492,584.4998762354592,0.1531581814901438,0.7805078085828523,0.8440720900417032,323.0217708722852,342.0419059689915,50.0
89.37829398233404,547.2888471249446,0.18949872236304238,0.9351137025813552,0.812709842851033,100.95712062833987,121.22276938745826,50.0
112.7785610042901,479.80054077402605,0.048761862211525016,0.8170394483291802,0.9007133621495028,52.08441035207129,48.59949752079234,50.0
76.68988403676019,479.6337387181887,0.12598329647006767,0.933971123282552,0.7865864985914903,206.12894085330245,220.54274690780912,50.0
61.44467521159747,490.48790322653866,0.06253712326076798,0.7852773973012447,0.8245919431848698,238.51645227704657,218.0382666603877,50.0
158.078426149534,472.4787798233266,0.13289413604448697,0.876452857583906,0.7032736141470833,348.5918174075198,345.7319841082121,50.0
41.94895353101014,599.3748503691895,0.12035120165299881,0.8690770034640087,0.7167691193471069,387.48221167963,466.32297764372964,50.0
59.386783033382,579.6108578881427,0.07282234247712115,0.7881375441327333,0.7091374169620237,262.43012529949965,277.7457088666131,50.0
138.57386633730147,490.6577669496055,0.1239024430924128,0.8381525493876456,0.8001907652188315,301.83814908869806,295.36433436997953,50.0
51.73363443029975,436.3856260990542,0.17788569936216278,0.9392230924267265,0.7933273290699382,171.8351029145992,171.34379008787286,50.0
33.55408979244828,431.2305194732381,0.1545555566155836,0.8817847883820302,0.7067739981258708,149.88747286982726,138.80187385192576,50.0
62.35047152233,534.3785487197457,0.04315368604069827,0.7708217163969148,0.8999790213432973,130.34509792445013,125.68295084489077,50.0
43.92179498630832,448.63443819989084,0.15556270909690548,0.9211392936212571,0.9075549661417479,228.73258832830467,228.61351884509568,50.0
123.53191911989046,440.99685908316417,0.08690363684176212,0.9292671637042239,0.7032504808776839,88.47883888451064,87.67489583673174,50.0
88.99943708294971,578.534342215395,0.17079096987815057,0.8183634703395752,0.7648558583578231,220.8615836752701,243.21203014085052,50.0
112.64129195207309,453.61272816457523,0.13986382525586144,0.8318823304382481,0.8380117952129951,246.25693811089252,224.15812579017364,50.0
136.90481118236653,428.0226351532905,0.17895487614366606,0.8474862396499027,0.9236380567235228,409.93486517629185,363.04536747639935,50.0
89.52989062569267,404.4938616640235,0.08298837750159138,0.8583268429321733,0.8583695549565368,166.04945844494102,141.54658063795776,50.0
167.8163052984973,505.13803646053714,0.06746868573572856,0.8044614653038737,0.7045976691368666,461.4344629522246,443.09015047166156,50.0
46.48515160461976,515.3032951028507,0.08384883530995296,0.8608356005031587,0.862855097087966,423.38381166824075,442.75034159624346,50.0
114.07236046071148,533.0073349092511,0.06805940457975193,0.9328823891849919,0.8046926312230183,222.41233771227385,259.23486054213123,50.0
102.64847873959725,409.393193355011,0.06660533900097271,0.897606723285274,0.7206996669812815,321.4184492598747,289.11803120530055,50.0
70.41712314789798,471.13454329298986,0.1550473448294793,0.809424343124635,0.8416011600742243,264.22268098959483,241.67573339141737,50.0
122.91396315077074,587.3659478649516,0.15721153555364006,0.7929880757181513,0.7077957837653212,168.01881993492128,181.54762521221582,50.0
99.49127460817309,519.3685697833778,0.09347902253071373,0.9041824407491643,0.7266495632834429,83.81200178111393,92.71173223285572,50.0
131.94642586850446,499.0982632412397,0.15014438342843778,0.8369654677207492,0.7616005083097767,418.5960429533899,415.4118205531778,50.0
68.10031921219478,518.0461333738174,0.0977558235104043,0.7683164146653269,0.9293283938655607,111.56838391353263,104.6621916659757,50.0
163.03322953491235,489.20115459159115,0.06962126861417914,0.8583801894756716,0.918236458969102,379.50119888430254,378.49084128022866,50.0
126.91871903249934,569.8391303130638,0.07994688141746975,0.847884992728628,0.7553023604549005,494.45060359849117,554.9341156887004,50.0
162.16830755612585,407.88536227370116,0.15289202760251017,0.9350496634831331,0.7451438362818333,305.57535374868326,286.70398638783547,50.0
159.41546735271424,594.2116490330735,0.19108263825814945,0.8448428433314927,0.9155106627473283,430.04722934078166,500.6499622838043,50.0
74.67406625405579,565.7830948301355,0.04592122155447882,0.8692539756964106,0.7575022093219257,104.25509859977547,119.06766144202716,50.0
77.58249492752927,544.9533543057523,0.05045701452783078,0.8130580675661221,0.8348728230938343,405.8254241775336,419.8503931544637,50.0
74.62535041048979,525.1782752874018,0.18175643971778996,0.8731726376364609,0.7582398686884084,60.98035170044211,65.9959192807228,50.0
161.46947779180547,559.7566471547331,0.199669457685334,0.820142363090342,0.8917970722327817,230.86891112415898,247.94715557275555,50.0
97.18258684254724,525.501092643674,0.17978833826981422,0.946816693839859,0.8920683534661296,237.99505197530019,279.4168411036094,50.0
63.42880040756233,422.0948226262789,0.09673954522252425,0.8074477983308164,0.7740770301139974,155.1234879724595,128.88982285840194,49.360676915984975
35.89304654909066,403.57478694668276,0.19803558235776506,0.8355546267471724,0.7960816617899203,355.84127721188145,296.4481196104378,49.16581684200858
162.26248312079744,493.48030224997393,0.13814582227371325,0.783406789218415,0.9477921565342441,154.25226562254954,141.8528636993581,50.0
161.98244837891758,529.9293297984736,0.13723788718061747,0.8525377022033017,0.7576674529294396,129.43761440247872,137.57616961693194,50.0
139.14182629934547,470.025051833346,0.04925482825014342,0.9438205260281622,0.9209464712408564,467.48852743784585,495.2810307671476,50.0
169.28709517050095,434.77904984389744,0.1033987230244254,0.9016476951408182,0.874005154513448,119.25315785293478,113.40893057123186,50.0
61.33446607516723,507.3948845786827,0.1348703895746725,0.8660172415675622,0.7228717093494387,444.85738818367116,462.8957076850474,50.0
67.18400596241885,425.90298425656084,0.18219969277903636,0.9411302996459506,0.9155319043163626,414.28223362619514,405.8464294151406,50.0
42.17814638759742,481.69064261413973,0.09963016272197024,0.8019507567520652,0.8808550284221461,273.1440807854469,251.54669062488506,50.0
41.34647022707071,444.03664038996226,0.14932140218553536,0.7652261718980601,0.9128017285121921,272.81593715628844,224.53593543582835,50.0
145.45533522952087,469.5618415804386,0.14848258440945017,0.8631463927991582,0.7667570675423553,445.3834938598211,433.0800779578104,50.0
141.63964302496993,531.690366931685,0.17609307665507873,0.9234588401919605,0.8770907441787587,426.6559977636524,493.3601071891807,50.0
116.6055929501258,550.5433279115282,0.0653768168468918,0.9261741518397857,0.917960881936308,63.16127736555161,75.13266772690166,50.0
145.61434507906677,425.773973494689,0.0936190166814627,0.8987016512583215,0.740189974012077,418.085160853578,389.3462467596451,50.0
30.894022040356703,457.40762663498253,0.13870830694011876,0.9462372356054847,0.857953381754167,166.91161147887192,174.0082770880753,50.0
118.7607984339456,507.9970759431711,0.16477526322418298,0.7713961277653917,0.890256975625507,293.5699604042496,272.7090573896551,50.0
118.56706503875273,586.4056211020035,0.05640155647850868,0.9374456974472902,0.8719714305752033,80.52667659732735,102.33577667708374,50.0
72.13489937255427,541.6344177290563,0.050776096235003475,0.8664340920352547,0.7864707642382391,329.4119829953647,361.2789337321911,50.0
136.15684743006318,404.9173832917603,0.043539768244639565,0.8147220438299082,0.8221607976011664,396.68333801350695,320.6049656782521,50.0
125.66135272491073,489.1805412753497,0.08378026660506654,0.9494249000315422,0.8065453255589932,253.12416094835396,279.3868073110014,50.0
127.11551160940841,444.1539225577521,0.05318096729853483,0.8860998604149426,0.8636278035702838,172.9667871491942,164.14264691299576,50.0
163.12089871505745,430.21157835618004,0.10917356816681631,0.9387231840335197,0.8049318292315305,337.3366764488385,331.1949651504853,50.0
167.75687071437596,481.8668012630086,0.18305587258866152,0.7959909211782172,0.7532761760062707,64.01033729803011,58.74146109243267,50.0
121.2333555526239,473.70526874475223,0.17829731997434195,0.8446419813383114,0.9420483569786804,133.4864820664045,128.11874237067528,50.0
137.9290582501673,568.9566456233775,0.16176383855087983,0.8752440643262831,0.7328112194205969,64.63678077106336,75.01582715308336,50.0
158.91869869419617,523.3300629041476,0.1674459665561882,0.84630447030251,0.7293270472405986,106.33360649114769,111.14131691597899,50.0
58.07346173804714,498.3189093482874,0.050273429932021454,0.8663942803828797,0.7672483511087744,408.9015952867347,417.73800243497215,50.0
73.45067424930033,491.04402981636025,0.0418592863852961,0.7644893775589118,0.7981233891016711,265.9724756227056,236.7165742069934,50.0
127.29746405771596,572.0244794378409,0.16477615822293598,0.7579237650696714,0.8201267368144571,97.21858028817869,98.168654732094,50.0
63.88630222075385,597.3325186534294,0.06279928686424212,0.8497776306902712,0.8545389335795297,366.1092367448468,428.6508977923562,50.0
75.70458315415885,503.5423286769423,0.05405863986317334,0.8201253862418362,0.7083007771978416,85.36032371975934,83.29247041191734,50.0
85.56925866822345,426.54315080861204,0.1308065357218493,0.8878929938274531,0.9001466747772706,140.06760991016455,129.2932171043436,50.0
34.422060275589885,587.242449248738,0.04831540538423559,0.858259267060214,0.8772651298627291,441.93610568573854,514.6666678985633,50.0
129.9721704985399,560.3456166139583,0.09431203080684897,0.9129650227493025,0.7200287115961688,452.66749522723745,539.4849474897039,50.0
93.32455983256202,528.715539039305,0.12422442574977813,0.8963179043510663,0.7204074955076474,77.15843779575371,86.00842261405569,50.0
64.5944527614205,431.90893602263765,0.17948537065475229,0.7938427974716089,0.9439663139547828,201.60310629699808,168.49009003161194,50.0
122.21908857012265,499.63914329062777,0.128858168150021,0.8938403556544527,0.7571136853328246,498.35026222553387,528.1742602362776,50.0
166.47104270054965,530.0651372693874,0.07192679214866322,0.8860456484862582,0.718049602244794,63.79362599261273,70.30048362193041,50.0
151.55815075717328,545.4338139532616,0.15883304339199697,0.8350986668896151,0.7864837481367407,216.9674433430712,231.70645943118214,50.0
168.2709389230481,408.0218382824965,0.17872503937959178,0.8657350817144787,0.8096538547973976,376.3659471868114,327.45583011244736,50.0
156.0982609615762,484.34418537469105,0.08429244755760826,0.8684700657186725,0.9280908364041727,144.79798505254996,144.98068220280283,50.0
117.21532169888759,526.3120440185041,0.15729808358644495,0.7763135370254519,0.8789562411705221,459.06463429953845,442.08309768276837,50.0
165.99531316582954,436.19539054189795,0.17670161493913267,0.8484555712896069,0.7618077686007942,441.8374555726301,397.83176824197443,50.0
92.34273570037317,502.96347078593806,0.09747733910396252,0.8685901702869855,0.7408809681462556,225.9866914932923,233.74207498834434,50.0
138.2862375961241,426.17473214367,0.19517136721256717,0.8407579082767278,0.759012615836616,83.0735362985057,72.7857568925754,50.0
53.766106712255706,503.95478971120355,0.0939205082290058,0.9157766731765219,0.8077218809154514,161.92142266443346,176.8441646457312,50.0
53.38586710613298,433.52384325766354,0.045867428309366874,0.8972804030131281,0.8659511319054513,263.58389408741624,248.17825034265886,50.0
148.1838628556876,561.1340305900106,0.13365669830348034,0.9236542561026517,0.751460302509192,100.36382872897755,121.34168212710998,50.0
104.36373392014448,587.3211384589923,0.04629496650696154,0.7744219828020054,0.8130497570708588,470.2437578875572,494.1591092988207,50.0
74.26185469674508,501.4469617376785,0.04665165744806274,0.7796686401924178,0.9466575307397117,484.3034133962205,447.5370056918779,50.0
93.66357978874026,503.11920571585006,0.11821545284110724,0.8833728515092208,0.7349128136890781,63.48811544270508,66.86011046157014,50.0
73.11019182276672,540.9361525473294,0.07229655233967175,0.8846864866649834,0.9424780115268175,92.25532210523826,103.28530986707591,50.0
151.53991561285073,435.4299578894772,0.15082015235618632,0.9176230579296221,0.9361535548685058,357.4616127303406,347.1713981149742,50.0
99.60446696117982,523.5694480402428,0.17902479751659492,0.8641219493277659,0.7075967649242092,468.92691297814,500.87613112905944,50.0
60.194521335680406,531.7770940465314,0.10301830490466535,0.8802465954082984,0.7266482575769977,346.0303870713662,380.3456724044428,50.0
169.9179216078933,409.6424077721112,0.19634786947541077,0.8313815921445741,0.9176883625843147,402.07346782622307,337.3191342297623,50.0
152.9921785821887,480.8280643302066,0.0923253058501182,0.8835186771127169,0.9019614854853146,393.0283106494771,398.0406278597779,50.0
141.69391084020884,487.1166629625866,0.17085347458800346,0.7740418110741217,0.8361222744902124,52.591397224154704,47.3342160393537,50.0
85.46417682529575,539.0934413379724,0.10216929620325532,0.8397387245245062,0.7593860327185818,217.96330623320304,231.22376304441391,50.0
61.817747816841205,414.6391847536887,0.13655177494102047,0.8836425597110033,0.8548725865024036,258.57231971025755,232.1654844879575,50.0
102.67144991907053,495.8363755259462,0.04410273052902971,0.8182495655252313,0.7950489046964642,229.47025140360523,220.41192963442674,50.0
111.22413169182651,506.7205093453757,0.13726481484695113,0.9029766523084256,0.9032464346790233,373.1553843019225,404.44324004782624,50.0
64.08752152068189,585.4069089592613,0.049642782446329733,0.9368872053611028,0.7879056718099086,95.63937280214743,121.25978999760676,50.0
98.02204628608558,451.3553135441016,0.08557966431390765,0.8114579929852573,0.9007564744581658,292.6225745038645,258.1066906159046,50.0
130.2610943912471,454.52480014670675,0.10616785624405625,0.7743772186673895,0.74528733738367,356.5030342842423,302.11703435941007,49.84768902881845
55.40136867738777,505.032676733412,0.15344740187558922,0.7713753846189487,0.8418280549072259,165.4532526656137,152.86315311943906,50.0
142.83895696852215,510.04530843125235,0.04694600525677107,0.8766302751188044,0.9378508355516642,320.725319065849,338.0744683726754,50.0
144.68644031975063,576.8412926696816,0.0764927635118292,0.7924089679816453,0.8527452472127479,234.9628114130171,249.02597445855127,50.0
139.27357213414064,454.9612071096272,0.17161829096218856,0.8347476507297525,0.8668874748228675,92.99089122560068,85.2701432888331,50.0
117.34030545472022,490.3535357474458,0.13385735410807587,0.7836028415489726,0.8842184362360455,438.25868489445287,400.90936362366267,50.0
33.309402046487094,528.3943000886532,0.13713504577420493,0.859339482542814,0.7579867740289938,225.9076981574816,241.4306188958857,50.0
113.22668692606423,499.35337177183385,0.198045683234382,0.7772879505113466,0.8737861385118983,231.94344564693145,214.2905721395417,50.0
126.94106118541175,598.2511987404376,0.06054308631266004,0.7708219298768333,0.8810847042821852,310.27411265288407,329.93668936464644,50.0
68.38249331837282,415.8838737977973,0.05370531993542889,0.9288381749328236,0.7479668311796857,195.51720295198433,184.2285647541349,50.0
39.71933798445307,503.81195818165406,0.05081801017475439,0.9100713015644722,0.7584280204776082,293.00536157202976,317.36431658781026,50.0
153.21107225860416,530.1754738094388,0.12527324584821364,0.8148667506230751,0.7832504782645494,351.26912983918555,356.82789232075123,50.0
95.12878571972054,412.02846852015705,0.12996749054046558,0.941525056901076,0.7438257355894149,360.5022008692996,343.0045586206869,50.0
58.13071641226791,507.16553689461625,0.05546823194347514,0.840074187251637,0.8890408322238115,206.40718590754193,207.5747441751847,50.0
159.80489472712338,446.9284163710907,0.10389054652948931,0.7804832026660835,0.9481208755395938,467.15043556593287,393.42543649407475,50.0
105.59399823927833,568.4066588752843,0.12335327636352675,0.8747171376005519,0.7222811080290041,389.8716892235636,451.17282793545934,50.0
139.483932273854,541.7489395485952,0.04578566088396194,0.8106256711890657,0.7657781424777107,212.0613833621836,217.59185260713872,50.0
42.269984546937394,587.3915646062126,0.1286083585139802,0.8111048621316047,0.7992453792685708,251.24114322717605,277.39206163180336,50.0
158.71487625001842,499.39269658116604,0.19874528237173003,0.9202849915490191,0.7521276285893339,468.7678465897623,512.8149706808415,50.0
46.291295703966654,563.4899416982383,0.10089972695625282,0.9255948640890139,0.9170141725268626,412.6664300529295,501.1435491449728,50.0
41.328699627175304,480.5960357530323,0.06776392239784139,0.8889902177804923,0.7865249316344464,489.0245903869617,497.592624643607,50.0
119.73609082834648,564.4961127268722,0.06120394763869575,0.9224028964545244,0.9306892976283485,269.1778634685212,325.77007458232873,50.0
54.477407816457756,500.51321529268847,0.1037860844435701,0.7792747984324498,0.7918836055728828,80.67753922347211,74.57735135759847,50.0
33.61366697292818,427.03325783096454,0.19409841785426782,0.8599059071790034,0.9414555402883049,244.62404524855938,219.56114349771258,50.0
91.53163640860743,421.1329368523488,0.142532210350433,0.7932076365019199,0.8548969887244573,342.590491579169,279.73266632248664,46.7154204168662
51.28347943801074,412.2699254221336,0.16492185377095037,0.841960084753864,0.7145409488763689,497.6898427263952,424.39273978326383,48.74344787320097
167.7150495368779,447.8360208431851,0.0627598989899514,0.7742769878844857,0.7758187868918989,95.47061495479102,79.7463932679055,50.0
126.90258783717847,412.45835962601257,0.12150754050396637,0.9493393707705953,0.9034925673765046,326.8487472039549,313.7011257826699,50.0
103.78580494763123,485.2166767780743,0.06091366027843192,0.9273208430480933,0.8124461622053306,137.58013031934428,147.16191949435358,50.0
81.48630912282054,482.8259505057854,0.1724060632906999,0.8967228761122804,0.8923262234103349,54.96406899289124,56.891235160462465,50.0
32.686918755227936,451.9626417490068,0.1616463716995416,0.7774219411457998,0.8338275328631479,146.8408424077569,124.66063150979555,44.674558561331686
31.69690845014506,448.2402915199083,0.1961398007856086,0.9103074223765979,0.9398941610802583,269.53431976686306,266.5305324392702,50.0
93.61282683839453,568.8714165479232,0.05569321292547914,0.8476482274043556,0.737512166173496,196.10416710052698,219.5077853974662,50.0
133.22999083429195,495.2036258737533,0.10014212562332309,0.828895255714007,0.8148616921014966,403.2574447266756,392.8918673108998,50.0
126.3388588521159,487.5206248110784,0.0807472995273682,0.9181743158851845,0.7096065872405812,455.7928964609406,485.0713065050458,50.0
94.60684504746278,527.4402953616561,0.14549662755292522,0.9290235481413073,0.8591674205418018,326.2701131420278,376.5129821592232,50.0
51.023660114385834,547.4867537442972,0.12195550733002791,0.8860455558416707,0.710418225150596,88.15640722061144,100.06523737000032,50.0
130.28527432877553,414.41686719973467,0.05140107644244138,0.7524216950469775,0.9391253495748699,381.8787617565531,290.61055977120446,50.0
78.95845216441893,554.9307062362363,0.14581929777126632,0.7870391135734935,0.7435273338335211,94.27804237102879,96.2493639230175,50.0
122.44238075818734,552.8745324443472,0.08240742853200064,0.7541889922061825,0.7205429168691068,485.5370156802637,472.332996888501,50.0
117.45289963959692,476.38792793057917,0.07290996195128882,0.7742772836318813,0.8537532420097166,398.58520128700457,350.7172068020685,50.0
120.14659549575829,506.0604266498317,0.046712195749061804,0.9436977555188767,0.8996785479136435,181.76991651543412,204.89211929957133,50.0
111.5391721490145,549.6146358859064,0.16988316609442203,0.8812957214663005,0.73202393659155,202.22037769752427,229.49285913900448,50.0
159.93170964564698,444.9231223687704,0.09954672381400213,0.8364153765888391,0.809851247423613,325.8228121225365,292.91437256864975,50.0
154.16948602929773,529.1621625310412,0.08574508627826563,0.9131893877937234,0.915342499090859,430.9314524106251,488.99503023329885,50.0
158.64971470953762,450.4482040346723,0.16080670859940452,0.842107899454828,0.9104996382225153,377.82080472272594,346.4625218718628,50.0
54.84002772575896,509.00538377938767,0.19754715832392133,0.9374776132994238,0.7107934339492529,124.1666670782467,140.6023700272648,50.0
48.44202828363866,545.1959819970591,0.17084565277711122,0.7927022732621344,0.8264631732379573,428.31636260504,434.2331610987954,50.0
112.6486766642282,501.672109383256,0.0876077522110113,0.8630043985718032,0.8722213255125226,442.99531213736344,454.075315787356,50.0
119.08078955709473,552.2243074086316,0.06561146159273168,0.842311494883958,0.7023329049567733,161.00548903473037,174.63767844571183,50.0
142.00993561788232,440.80712692577976,0.1288135918883658,0.896614259205935,0.8539963625650447,134.61113057693726,128.90809889504914,50.0
79.75383961600352,556.7583568970795,0.12867624226112268,0.7510459227085825,0.8902476900070234,65.89010972310759,64.32999943106317,50.0
164.13028721671324,473.5881502604169,0.09230905861409266,0.7797776100664889,0.7764010538725536,444.49284282269025,392.28532205516854,50.0
169.4868072678146,473.66190610136965,0.11177770095272682,0.8944141876405474,0.9215489451162686,316.86995038405286,321.08216276972473,50.0
127.38654050955296,400.64365272085575,0.13913429399357452,0.8210986020882715,0.8985493328192711,91.84578792040946,74.52787733659501,47.54563484756402
112.34831737277467,496.19457797722475,0.1427720841448364,0.7629707188965936,0.8449959468570327,302.66806458178564,272.38465470064904,50.0
124.7055112116907,560.9977999361539,0.0831713152205143,0.9150098820360124,0.8245639205658634,84.67622561044902,101.20028035745123,50.0
38.19713009415709,466.8476637392122,0.16558351633783483,0.8915361869481832,0.8971537411681015,282.7710753987242,282.85049745799176,50.0
75.94698550530362,486.80387323477504,0.05417606874873876,0.7941223905422422,0.8495563235159347,381.0484014076354,349.90030966513166,50.0
169.76865159501295,586.6226662687116,0.14281043192563064,0.8342496106588144,0.8590443411770581,403.5432281361044,457.9817621256205,50.0
147.5723199889864,476.7665903866088,0.13149956339634986,0.8675538721724396,0.7461190632834098,213.00594874352979,210.685301754552,50.0
76.83158042387049,405.239341706413,0.04387068222261684,0.9163394087351546,0.7682677024932031,283.1354448074669,257.54698636194655,50.0
66.30154624120833,485.931362547787,0.1796368400775363,0.9183867133583616,0.7465253544615693,411.1894894080697,438.37085263188976,50.0
94.14616414330497,496.593774417071,0.06135679558655101,0.766120302751425,0.8819848267434413,273.4075185598849,246.38204232903195,50.0
137.17180585875536,431.7816335338707,0.1376360239164226,0.7770708164555371,0.8878437715072613,345.6298203202128,282.1273249219047,50.0
163.92604695168413,413.79160327128426,0.049128755384200695,0.80643741493864,0.7654264209339765,161.1404595823999,131.25434439058205,50.0
68.07296165800834,551.8796524835927,0.1119583747920864,0.9053421113910363,0.7163415393910962,269.40703715302294,314.4813645370198,50.0
34.70590402565957,412.5306406910709,0.18502999253510577,0.777849074223519,0.8331051705688042,234.99302117031795,185.40532438220205,48.10527400934677
33.05527554856853,532.7579372351179,0.19414310947416807,0.8620336366923683,0.934205615508273,73.5160456787107,79.54763093012075,50.0
88.63106467038259,452.0315581924102,0.15693135439691677,0.9462594180994492,0.7641325156110619,344.3785706633335,355.8222093697273,50.0
94.95054813636706,594.4010659263074,0.13736436363143464,0.8199012744173637,0.7285239462219832,118.06107293072056,133.16272204003778,50.0
61.54437019317291,450.1933322680596,0.17609856925458206,0.862244557656505,0.8308477278435915,101.64599234114786,95.46078525340599,50.0
39.47357066600022,541.5670194459537,0.12696611477482336,0.7663450691493556,0.814575160382164,268.1133292085211,260.8371450559852,50.0
53.2084356228586,589.1396294000565,0.1759960594369059,0.8838044674658216,0.8155738902501517,235.29449371302883,284.2900031210037,50.0
38.71823482346399,502.50052975406635,0.16902457875725432,0.8418479755193916,0.7129891443885671,403.8251897228149,405.72534590630397,50.0
58.190929499036415,451.72416697760775,0.06635301654916734,0.8160430129742995,0.8891878764221587,283.7236367767718,251.61967985471404,50.0
153.14145969321407,574.1156850092013,0.07820739382104629,0.8402478688361976,0.9462474140352187,397.4056143394957,444.8277313356819,50.0
33.80343897157837,413.04091825209844,0.11422902028997325,0.931844041172312,0.8346754494881785,274.0156286154306,258.35112675195217,50.0
145.09444248403156,476.0840015015125,0.1640978961480524,0.9428953307801623,0.7509416147819222,285.4983340376336,306.9827348082159,50.0
70.19931413184057,558.5708838067678,0.1324149385409852,0.8769164835100607,0.8994785399039735,228.18671269810469,260.88377834233836,50.0
52.11367519694872,539.1798236337605,0.16692181607012072,0.8133523354135053,0.9142948142496882,457.7644646445949,471.624689305061,50.0
68.76662823289325,596.7042945430444,0.06251384448780134,0.790403133680498,0.7460562098095065,452.2953695035417,492.105055367989,50.0
91.64527857156887,523.0596050139604,0.05335425359830133,0.9264832736814677,0.9009008838603838,277.3430481094872,315.74134033596926,50.0
165.39772613628386,483.55219585501993,0.19745765104583965,0.8835839997607253,0.8586678183134853,124.67970288310325,127.45839050005713,50.0
52.712676809547105,402.5215039951518,0.1295609093821412,0.8554799244245352,0.8798384055922897,450.61612385801095,382.22447264030706,50.0
41.116921850024134,546.2992980680724,0.06998591105561316,0.9216354106314327,0.904765878465414,293.357189743495,345.0165120802315,50.0
95.96350585059405,564.3273795420944,0.11348243154771423,0.8215596530650884,0.823553111812575,422.71216359674827,456.4444163786113,50.0
76.92912663192217,434.7523186271488,0.15392224325292492,0.9151956425416163,0.7251593696308833,157.9433507401751,152.81738128947546,50.0
93.04913704675778,549.7652673926613,0.14418361358106788,0.8741857134956862,0.7880937366524136,428.65139888814196,482.1683015316397,50.0
95.98020343574304,595.820987603031,0.1414627421273179,0.7752529483129006,0.8690443905188585,196.29680694426455,209.81242229758786,50.0
54.48340120463432,571.1474517811573,0.0763487291237624,0.917408225048588,0.7698190221136025,339.2968595264184,412.78393402927884,50.0
127.18108029137635,502.5309506290106,0.08884970827147701,0.7925288752742192,0.7082973386406065,186.77588055832572,176.07671817022882,50.0
151.96862751682727,553.2129553070605,0.1661515749205278,0.882996980695199,0.7650717143915007,458.23776381762343,523.8783814315996,50.0
123.90252366681676,512.088126196088,0.05775831507415698,0.8394111087612851,0.8150895678004815,439.05362428520147,444.85926185215783,50.0
166.7520459914923,422.14411866526314,0.10760774852991115,0.7584049350342811,0.8849760301917325,463.1344484896178,361.6643614744482,50.0
69.20522613706852,571.6683353598241,0.08675491687390365,0.932154032328783,0.8884904758991959,412.2080495786474,510.14747068702576,50.0
146.11525308023857,456.304239682986,0.17964061433058048,0.7725160780823874,0.875921494365199,293.31431449020965,249.60941998050876,50.0
43.51482582736171,448.3787656517678,0.04198464580437037,0.8437535930929011,0.77531631519,319.26086793399145,290.61974263940994,50.0
134.04704782242447,409.6285671956707,0.18446319923071797,0.9204527748782363,0.8669511708066016,316.9497065483229,294.21125453176245,50.0
154.9223497395513,437.06603590574286,0.05263506595053258,0.7979020339819076,0.8986445696750476,65.60162002691749,55.31489275732516,50.0
38.90972730012993,566.274702877142,0.1358365613083537,0.7729865994119134,0.723464321205839,459.3320687464666,468.4420447486033,50.0
123.68803681133099,565.8573598633511,0.18063662404516279,0.8643544704096644,0.8293615879387602,243.6923346444456,278.19750860661856,50.0
138.34315180222188,520.3846862030264,0.1828037263927754,0.8386760028758375,0.8517723946796885,334.08839889139495,344.6107243624249,50.0
112.83760272288558,540.5267546171033,0.077989354939969,0.8524727555091581,0.7260562007020869,223.03009744016566,240.50181803442453,50.0
163.0743473620685,520.1302133096711,0.15897502658824958,0.8512532118990406,0.8585260078440828,81.91949726019804,85.64822764062374,50.0
65.61482131785857,472.3706186410277,0.11559893680104216,0.7591297491004767,0.7350060243883294,174.5664385060876,149.81505820891562,49.273860810873735
115.50920995060756,456.13664310319484,0.0731188125501483,0.8533145256891957,0.7013764497901052,53.448814692151394,49.98385248506124,50.0
60.66963327426009,407.3442725001642,0.057284120660910626,0.8177721298677503,0.9006464198949532,307.4218895161854,250.785812389581,48.09692680559829
160.4455207205943,479.4030082474383,0.05393484268732344,0.8734133032235603,0.7284595983691503,205.35041426076143,204.73512179867896,50.0
101.03767142049324,574.8445049370351,0.11896745285441898,0.8904517532063329,0.9482042097497676,109.17010395409173,129.83825887625193,50.0
89.05594499543639,482.2042150531091,0.1852177604090488,0.8928065288933713,0.851976303522676,189.21772303825193,194.89491687931024,50.0
145.33065379098127,591.0121022969978,0.17139172520803625,0.7503130210382946,0.8591003425458517,73.01092164894533,75.08256039558712,50.0
46.02826932922672,476.7677766089959,0.11299784143288671,0.8238106043521833,0.7302562501212982,238.52650558436395,223.85069723815818,50.0
135.16492669317853,414.2015329066511,0.05282880225310455,0.8209542583671968,0.9354314279047312,350.85769102531134,291.2193542019634,50.0
113.11251076919538,402.02623680554865,0.14177536742552677,0.9326573895152473,0.8531433670862048,443.1643670598553,409.65901522268933,50.0
131.35622776525315,424.111683280738,0.18439252916573468,0.7632887688711549,0.8334918681369409,113.96170570705596,90.24269463286696,49.94828442251423
71.30569907158187,497.2000987595206,0.13235198187752814,0.7587478144617895,0.7307508237809364,301.38907840269144,270.0731473618294,50.0
78.04342944417215,545.8346975098896,0.14436666377471036,0.9191208725979814,0.8731232066673063,243.46898482556665,286.18620368450684,50.0
72.88388982894978,557.7970319841586,0.11142712262425314,0.9096760681036704,0.9056055934170696,435.9030519475777,515.9518713825302,50.0
158.32893301776903,486.1970441026592,0.0910186909313822,0.8664397493188227,0.7927931058594069,320.48337506010483,321.2599561094525,50.0
82.43740418281699,433.3720403397506,0.10888469415395322,0.7785188288163818,0.922524258795952,205.64485733203583,168.45365893428388,50.0
51.62436461126533,405.0895519811502,0.1433315818058375,0.8773804634909486,0.7851510416453229,82.27034998144296,71.99080283650048,46.58959268866181
124.79688956290131,521.1558498905381,0.0983349965116064,0.7935785108509981,0.947008991538898,254.3007295382517,247.66402101676655,50.0
126.35839300923318,428.1105935156722,0.11769435194550365,0.7555073439738931,0.8263637794776124,483.80783320296604,380.9109369404782,50.0
34.333810728708094,477.5973519893739,0.06560398983411105,0.7546704192656372,0.8890534034875441,256.3353539968508,220.23650038883306,50.0
70.49426807617164,580.0166366032961,0.0585822336320841,0.9411837657910638,0.7784916793443382,449.78165253890654,568.512492026194,50.0
167.761842849465,457.68108756374914,0.1937816776652149,0.8278963789804841,0.7963779761842306,203.17419691452756,185.8775581639729,50.0
105.79706502866193,430.8290086356974,0.1285938376572818,0.8583409624820008,0.8904754531512175,425.1424828719135,382.46524050108144,50.0
66.30688562439323,438.92476734097437,0.04922361315184398,0.8184895957669427,0.7675619230326958,484.8878236398833,420.8114924379738,50.0
108.07923567500615,469.4554078061015,0.13287481615899135,0.7778393402691391,0.8110109373005507,331.8054446394787,290.4958703786052,48.912970163659914
169.13877444595775,576.0629524297854,0.13974495330551043,0.8638754722364566,0.855165119956146,140.59044852009498,162.63882777646143,50.0
85.31928405700461,407.8919065781799,0.11608736599789227,0.8586049167915326,0.7569374340258024,483.8129812244812,416.06394174132527,50.0
104.67412802715076,573.993831929537,0.06090437501175407,0.908101958854977,0.731205203491712,407.39479814723245,492.42362005245616,50.0
68.60745955518998,575.4181162036377,0.19104673501206365,0.7797591938810231,0.8156689012663483,491.4443201732083,513.6479269918282,50.0
112.42241309838478,475.06598158392035,0.08572536888413923,0.7906446182172174,0.8904495478444243,223.94322807036255,200.85953402355048,50.0
101.57856470810516,498.4650960002364,0.132364644677301,0.9231154291249104,0.9451848358958573,233.41289385821761,255.01568001859988,50.0
110.29405320378025,591.2094287223866,0.07207592248454445,0.7718528420619243,0.9134904917388555,247.61741748518673,261.07999699476716,50.0
148.57563958898845,578.618041039083,0.04999321497905143,0.9266929525972121,0.8120797638423555,279.6946200519045,347.2474915074582,50.0
32.67625322016696,495.3686936635634,0.1500355267888897,0.8945413915396456,0.873133107884277,110.49580823365483,116.46078091071836,50.0
71.91538237203537,471.7431050834027,0.16870995322872082,0.8057519744829106,0.7526762409668007,480.8516085671433,438.55982051955857,50.0
71.24671548846705,402.863055533412,0.1580591229698448,0.9168289194001351,0.8851190329883798,114.28262928537737,104.11008834265643,50.0
135.47990911597566,553.7845564215282,0.1453664825072088,0.9032231865591172,0.911480359919433,326.1218514068563,381.40837439583345,50.0
40.87090685402471,481.50860620648615,0.10513703826010043,0.7632019688280484,0.7872051334923698,99.94914445609167,87.59193464468467,50.0
143.1529294012911,589.5376051928941,0.05157063604127018,0.9410230414583403,0.8306441498341862,184.80455507924324,236.7988631194798,50.0
141.23217622870482,541.4172954533396,0.0480361618342358,0.7645803670735807,0.8007183206581592,182.88072232157447,176.9142223662539,50.0
62.5338052278467,456.2008997817427,0.16855723892750155,0.9358456107263707,0.8012756736318916,457.7499509596237,471.57702377824086,50.0
61.64405969423996,528.0952084351688,0.19663697842796943,0.8706986192086756,0.7894535210283872,341.51785069573776,370.51608574698315,50.0
47.20889498515426,577.7318160530797,0.12049343212477381,0.8398699484079284,0.8464661971133798,331.1527382552311,373.1017472964508,50.0
63.87043524417414,542.790526501318,0.17160556710147148,0.910791701510504,0.8381252418519722,284.076451539838,329.66946269714566,50.0
50.00263458751764,555.0692300806271,0.0834255008714743,0.8493390845635893,0.7710685232318791,110.2227633498619,121.16874851869153,50.0
134.810332777668,463.51735905222336,0.040021550880717655,0.8522258278474459,0.7117129771319007,174.27630101940474,164.71706275437668,50.0
128.97670824380026,412.5379243243732,0.1742941587769604,0.7507639845317167,0.7617059673004756,383.40682526843216,291.81762046199685,46.769727062300085
80.43274863205991,454.0786572769051,0.1748339043456888,0.8126695835170286,0.8972331179440017,451.3424651648306,402.3341031907401,50.0
90.73443874071413,581.9886287708784,0.10037088863411087,0.9428156832980216,0.7223223811313932,359.15866992645925,456.79753421447947,50.0
118.57966302480413,540.7714183268663,0.040698123144049456,0.7833906177494397,0.8782615126585797,349.8734361101929,346.3309495563787,50.0
165.24665071801482,552.2075580501566,0.1921236332370141,0.8905081003069614,0.7745130521598608,97.41421501288542,112.25395047631469,50.0
36.746041735061475,472.01009318019567,0.1930879704774858,0.8500802291420402,0.8081822840049261,255.96482232168228,246.67697259465072,50.0
59.24358136072292,473.74143417295903,0.09917012095794826,0.7604710040374945,0.8918919071294795,237.42699435674555,204.46947524280583,50.0
59.67916765781213,531.4706964340257,0.11556508866607706,0.926031347584297,0.7539351697941135,355.0159401395199,410.523938336365,50.0
115.08529711538117,459.06029551436654,0.06185614458418762,0.8803279520954552,0.8846493645330826,192.0323046935075,186.16167276067574,50.0
129.8489636595665,439.84305497881064,0.1824344004217879,0.807481919293116,0.7919464969390382,76.1413784361574,65.71328351029135,50.0
45.611709724978695,503.1723805424656,0.08281482827647543,0.9170960451484389,0.7036733471637384,220.59232190237128,240.8403910135588,50.0
99.00104182264253,480.8579494509738,0.12495002854593501,0.8690263349811362,0.7024809552819589,258.84282175407674,258.224297801528,50.0
164.88989372426235,503.8064560259097,0.1484067627934325,0.8123727715833766,0.8934978445381906,397.8146668442518,386.2034407503857,50.0
47.57703006677147,403.3895329779162,0.16322531388113537,0.9114311074729765,0.7300518072801441,169.51227483137274,153.71704789179645,49.86910202971893
32.45733087132805,458.66172215611294,0.16370269982698746,0.8535921055425157,0.787023898292072,217.28268270784864,205.03954140818715,50.0
148.58851577774593,404.7189929291058,0.1837696967479743,0.9066396826597252,0.8950940308927451,256.0980915516071,231.86977448087666,50.0
85.7207410136304,460.5831457666385,0.05051117743269853,0.7956470726987398,0.7616509087445061,267.8346813695907,235.19880848150592,50.0
38.09822292260249,591.5579601976408,0.19083589105505797,0.9070379086296816,0.9478319753910551,295.0170497601183,367.31173984197994,50.0
164.78756903544885,415.1210081233502,0.09850891972181941,0.7950762536013531,0.7489582710335675,113.36132700170424,91.49795618504932,50.0
110.96177591885049,429.39254191764195,0.16977980318935534,0.8771909414327457,0.7970414265317488,353.3586329912283,324.61620535342615,50.0
66.38669709399659,469.0384416988421,0.18679773490111845,0.8081009011342841,0.8174970670394841,450.5635118282066,410.49332531130176,50.0
50.62242619905585,401.56831815438335,0.14094748643666616,0.8395346850820836,0.7335687127255688,481.0703544755467,399.91081340065375,48.317228131603294
104.15236135238679,448.37865882257785,0.12009657138475321,0.8859240665470215,0.7190598044933911,173.6167167715514,166.54097506265987,50.0
106.52079988452128,486.56320044189385,0.04702399082288082,0.7831499559640311,0.8113854096854727,144.1334594335675,130.4281304660866,50.0
36.997064012355025,568.7299328103647,0.19699080466625854,0.9086285747993479,0.9134462304261667,158.88970864267043,191.62595452371056,50.0
91.17942399318693,518.7121870757571,0.0516930499243224,0.8744686529234492,0.9452944591905736,135.54844240267744,144.61116383157045,50.0
140.96331628037365,581.5797587559239,0.19099225485123533,0.9420271208810894,0.8303649096803679,489.78855859617664,624.1320194189984,50.0
96.7660149055158,543.6662350744008,0.07957445053105333,0.8781230367097774,0.8666501197616547,123.21488471385464,137.55311069114813,50.0
109.11194374338588,554.3253821957215,0.11982330632575072,0.7524206233552215,0.702259617269823,210.66320478650547,205.21024835368337,50.0
75.0337985523368,569.6084179202968,0.1566178307631915,0.7690798554626421,0.8071755052466083,63.12639364036901,64.42715555152637,50.0
97.32462052442126,532.4868023402137,0.05896041977570425,0.8077769877818332,0.7994591563755392,463.78896109522236,467.5189243435825,50.0
84.94414607212721,550.8529946694046,0.1869482291432654,0.9401857189005096,0.8442806465095801,210.70452168522627,255.7594631868028,50.0
140.25687202022908,450.20027665246005,0.13025184461336284,0.8217156923049747,0.864157768426969,158.17951080207808,141.27543400846577,50.0
60.91938961482125,407.7859926651335,0.045763010926628225,0.7850443544211655,0.9166925886265,177.115434789662,138.7459380248006,49.65012031694899
163.0642838805414,516.3244585978387,0.10985827036300258,0.8660177669338909,0.8291745963065669,391.4493141907963,412.95259113325204,50.0
155.1732023546551,589.2913026300811,0.18280931639783593,0.8338895987914627,0.8950913757517204,264.3510799854945,301.50034862315704,50.0
99.6555793004543,440.9360218114568,0.13458084852136262,0.7872271795506696,0.7828911747667984,434.7635907289708,365.7369662791736,46.410376053391744
143.52300134110857,567.1651855821032,0.09315056529849675,0.888723611494759,0.8927807039629716,344.5928090896795,403.93709730329863,50.0
51.223310472013914,575.1766167034114,0.1262551284377614,0.8064944852740007,0.8063070463594234,66.90699067950833,72.12665588684425,50.0
30.00162886575126,483.31316569645844,0.12360162897369414,0.7609268840001945,0.9432695407430831,151.7563990623524,133.12092443851378,50.0
72.58782074907933,460.78850245100546,0.07686666593877599,0.7502947644172623,0.8823361985219991,485.0804749096784,402.32142490528565,50.0
133.86548577422013,569.6850758181049,0.10762067152217747,0.8105861811280859,0.7813237835057577,370.67959989433075,398.04502290083985,50.0
144.34912531078905,436.3227935513205,0.09935056130524243,0.9303880393498299,0.9016733799236848,493.18628124311414,485.2906611483878,50.0
112.68929675924929,532.2028508494641,0.05255293061073983,0.858899391820773,0.8773302071181523,125.29458680047718,134.20004795303595,50.0
139.28844043957798,516.7545561028223,0.19235548571161515,0.7584844596413783,0.7663315343888667,320.6992456849208,297.51998150305684,50.0
136.26073955307032,420.5031928132949,0.12221671427308284,0.8517781111182111,0.7923201925538852,469.81618815635244,411.03089177998356,50.0
145.85088478225097,539.4418763819274,0.1542922617175996,0.8423432287626238,0.930248630274144,362.5679422639784,386.82756524401407,50.0
68.37002250790674,561.4141807733406,0.07123849647303873,0.8190683904489775,0.7839026135674606,490.33646077511327,524.6712854505287,50.0
149.91521132470976,540.2339723180519,0.15632908185846242,0.8624145588805142,0.9367726667771297,273.3164387970627,298.9499485827823,50.0
140.06879131654813,546.8887864151183,0.10149680616386159,0.7550386827918458,0.9097493319295027,55.138092554333134,53.24040711118841,50.0
128.51796914806715,594.0514219452114,0.11002581250371254,0.7969946809991906,0.8762177525108454,417.70766390701334,457.28763255037717,50.0
37.233621032114556,500.9591196609056,0.15495263157160802,0.9225280942298357,0.7448139029769475,410.00156679365665,449.97679690366033,50.0
107.37899060059634,479.3107363979926,0.06107440457265497,0.9230591517817824,0.7393183020449288,189.40453664409466,199.600890331307,50.0
124.17841918924572,559.3362794382745,0.08007486380679985,0.8749748199213998,0.8429364957859371,424.773669554722,484.16083572707555,50.0
156.8521884673765,402.4313542954774,0.14784318704940683,0.7603671598239458,0.8372146662693389,179.4347280696552,135.3795575923616,47.03851656680563
116.98094286694541,466.80999313375384,0.15723184809444488,0.8309054771147739,0.7170883000774896,402.69192911784825,375.24653567089564,50.0
70.00616544297884,486.55337591985256,0.14967102131550425,0.8164912314297423,0.7141464140366789,218.2644711557661,206.82998961127333,50.0
124.00708081340898,526.456430727528,0.07183874223350989,0.833666772820456,0.8877349495908295,95.61780389892161,98.56598429973559,50.0
68.89938865255971,455.2638216931707,0.10912302841512095,0.9460737481884369,0.7168756366709554,283.4154474712677,293.8682333638745,50.0
133.30389787684487,540.910885605489,0.10763658190302916,0.8193048335905436,0.7994030946382176,168.92431842138768,175.3816253084559,50.0
58.74661141895197,496.607939511778,0.08296540097081717,0.80749233297945,0.8641890158686392,485.8417992649515,461.8958830012504,50.0
40.581705939569375,590.2846441691132,0.08756652644917338,0.768413397216495,0.8497611467875954,330.6419502306197,346.7918367585657,50.0
120.79067481661635,453.48040557150824,0.04241770947431601,0.9430030738908943,0.7627232614227756,354.2118296236464,363.778165808676,50.0
73.80703518991075,454.21925075281314,0.1356269252324325,0.9232191267223383,0.9366834322308488,97.65761198169093,98.74433723776613,50.0
51.67600576368078,588.947251756616,0.1578456365335668,0.9265987649659546,0.7506581585338358,314.41364199923083,397.9018924151676,50.0
87.14123672133773,403.0789783382617,0.1332681690886821,0.8006203078359218,0.8125635615357225,480.9114567877178,382.2635068919648,50.0
85.86494446994087,567.9603213328853,0.07016649691988018,0.8844920996050057,0.9442517386097358,95.85189539282155,111.86151007959046,50.0
42.96756762719141,549.6768699352463,0.18632778621576945,0.8368041945417517,0.7646779105388601,245.4814935529744,264.7185451104519,50.0
131.28269449900014,401.8108323160742,0.13431263831755155,0.8726583369774757,0.8594220617239838,158.90993599139475,137.33411395537684,50.0
57.89784710535211,575.4940093308963,0.1581957041162506,0.752749110802269,0.76209406509245,146.48291734692407,147.63341341538364,50.0
67.91288592517617,449.5119540559773,0.05000420731885532,0.841788103319364,0.8831833686965412,323.0292761228464,294.09041944931096,50.0
163.20869942475022,567.698366768605,0.16881445095930606,0.9145967610083534,0.9331776270331903,294.91428475116396,357.07556549356315,50.0
58.039482501467624,523.3567215705082,0.15886103898687023,0.897583478670805,0.83036225604172,80.80642370011012,89.55026635477215,50.0
111.82284736603964,507.6663886511427,0.08301656230115097,0.8236897839833157,0.9238365222882923,349.90837138707604,345.7103078544794,50.0
140.23418374532662,490.869084613531,0.14083955511298527,0.7996767217486415,0.8763652075708716,242.4206001665018,226.57751126440263,50.0
161.07928700564972,412.8012693217242,0.17195891797552124,0.8084766220824386,0.8109798636265944,59.86099794875403,49.08346715341181,49.30975128478785
72.14645089680383,500.5262485260261,0.04898817237559024,0.848219145876633,0.9317776572146068,97.42694814851235,97.80389063090284,50.0
121.72432003340732,452.0473195970459,0.06551876200661733,0.7820925228542452,0.7176229864107861,133.54101720555934,113.56653917518368,50.0
122.99071389845555,576.3381223687016,0.1702601096945859,0.8870268619748968,0.7276079658527757,180.13435083317742,214.30059382455946,50.0
102.10079235936124,507.1107629759345,0.09710175602737764,0.8207578317472872,0.9071388994765203,405.1817817438585,398.7602670290276,50.0
73.09141643530438,582.7576887746518,0.19245040272040098,0.8153485084060081,0.7886062371982636,277.5353690398815,306.6515112324616,50.0
107.47196656496806,500.626494510308,0.07101809086990282,0.9217633542336309,0.8692351957492093,427.0587686833116,466.3946441112456,50.0
150.22699910892612,549.671170733148,0.11027369619995478,0.8721093510030848,0.7400913515299358,353.1404378637085,395.70620472382205,50.0
62.143742505555615,423.510260030044,0.06644551842287319,0.7503984270438141,0.8796849044633825,379.5804720762706,293.47932769613885,48.79639330502664
102.09066898785632,432.2725602110767,0.05336869400171036,0.7538257932874574,0.7414370442413052,450.88499074241605,355.9360913922441,50.0
44.748367827386645,444.47226094963406,0.12307593132483283,0.8715505366191305,0.7613380785415527,75.97947165130275,71.19295613026105,50.0
84.74460167783582,446.84067418526683,0.07512862771676831,0.941972560542691,0.8540751214814309,300.59529942744314,305.07922667112456,50.0
105.72670053733131,539.2859614072214,0.1523433753890927,0.7843387815410899,0.8250281880191567,235.38114276534588,233.76200514801414,50.0
151.87377527771378,526.2837842436753,0.12520065062655708,0.7730789284357835,0.8514094723308528,102.74175755610504,98.39696421215348,50.0
126.89031058341165,441.25042276723053,0.10269749971008416,0.9291349555237557,0.7510790958497425,278.5122787814506,276.27796073168366,50.0
88.69803256324309,403.62480820914595,0.16684129817165005,0.76380918126292,0.8185637552442384,302.3052327225275,229.8856160323398,50.0
65.45813369318012,401.99575533168985,0.1557509859767859,0.8571313198695157,0.9090294258018121,419.6247633053124,356.7166727213479,50.0
148.06566349030365,497.018931995908,0.0933805433338985,0.908311640518274,0.8128235282573137,132.54898838154554,141.91134626199255,50.0
84.29565258837037,560.7075318925207,0.1842838445673966,0.7906945484995191,0.7167434030063178,444.8077039097774,460.95751862323925,50.0
84.51669145704254,508.35219285351263,0.19489052992812145,0.7633129455828446,0.8620795018630238,83.34744015869018,76.75449702072041,50.0
90.68611258578882,599.4364707805901,0.12944948559145636,0.8142324305271906,0.7550278314761882,207.7342404287728,234.32280335252784,50.0
82.15465832633711,413.7427355447922,0.09913187190828371,0.8428477039478449,0.8806844380597011,345.5282681247236,294.85118141200604,50.0
97.7585115451646,401.0626951336692,0.1687191427890916,0.9045619146580675,0.8371047907483906,79.90849659932246,71.59993627032298,49.72193267669232
137.31210693456185,516.7427175462728,0.16511359634527348,0.9003493984791681,0.9007505179894593,283.1036298820812,311.4122596833446,50.0
116.86632990727588,548.4506374398175,0.06718096096811765,0.7889950399800578,0.9226023793048321,387.49000930343186,391.4110380181049,50.0
157.15198841804522,551.7430642327841,0.1355448489584483,0.8808265474055748,0.9222819809850025,310.46303953037324,352.8406949829415,50.0
96.34897081625438,543.2794223916198,0.08335083173061847,0.790450836104907,0.7784567020561038,158.67528259677505,159.38086946075555,50.0
60.08776918509542,484.9701685736174,0.18525416222136545,0.8514119293477437,0.7469800952038307,84.63725122139334,83.53352232680804,50.0
145.0563325219503,531.9021537281541,0.16739863208661898,0.8043892078836897,0.8730897306152645,168.82789311217346,170.04943792744368,50.0
161.4695871230408,527.2748563066749,0.09192188802805473,0.8039023724584545,0.7477316462679109,362.5884315021775,361.1932833446267,50.0
67.04890376955004,532.3937889587737,0.1703903565664863,0.9056050486289307,0.8902128327326954,134.47508256151343,152.6293845675296,50.0
42.37389257783262,539.7897656974772,0.09893555420709621,0.8364692452806695,0.7077872731983477,166.80940217377213,176.44053791533375,50.0
35.457104892558256,533.3694782611316,0.09168437532065501,0.9295838373915332,0.9220295472335089,196.3807782627865,228.43204563044267,50.0
156.1345253966655,599.2315346997558,0.1720665062598317,0.9189742695510458,0.7622521840272725,309.51607948599036,394.53343834776445,50.0
150.12325794101207,599.5256594804313,0.07863943764109885,0.7580701653719399,0.8027978794986464,108.53630142302612,113.78928171435908,50.0
33.139624482687715,472.0853654282972,0.16539812017203784,0.8632361382450141,0.7781944973025885,344.4539024717239,336.725625234377,50.0
136.7223674301344,407.78760333753314,0.17393914045290437,0.8739052400072607,0.84084883767816,331.0763216515392,290.5653946038882,50.0
151.02065456157098,517.3873013117814,0.1329520607821087,0.9481358314131532,0.889182541767142,249.03221245301089,288.3977698690557,50.0
62.04256474768986,519.3703753775519,0.18850913569823224,0.9358279040030926,0.7854763195263725,287.45485979976274,330.3868777449581,50.0
59.629025799780564,599.1262218997767,0.19697886525886973,0.8799017859414895,0.9011035149193682,371.795072577665,454.1078580139112,50.0
93.66700795737255,534.9572604334821,0.14840505822138955,0.8246245236844767,0.9354229966645076,125.31066450655145,129.92574211462335,50.0
100.05032247017849,538.1767953101646,0.15154172894268947,0.8797277913537631,0.768822053362965,120.29295590897989,133.75553520812258,50.0
55.10984144049374,541.0278291141127,0.11282751867738502,0.8835521183206305,0.9093417699425377,126.37779285961543,141.55278325637468,50.0
32.680281519557134,555.8205172791573,0.13755158802441855,0.8899279139244243,0.9095387437471606,411.2649206710252,475.2527912378008,50.0
98.38938857238675,480.377439978146,0.06459056685507272,0.8645214465764045,0.7692531310814946,464.588380495839,459.4774695175971,50.0
111.64671259879366,518.568036101622,0.0967879457403216,0.7603978703955415,0.7079359413432471,240.50081486893887,223.47036166064316,50.0
153.33622078955204,576.5829633037445,0.14544726562115717,0.7922463662945862,0.915749207839718,448.7420458909437,476.54492035265116,50.0
57.531501893414216,547.4852171541354,0.08584312782833967,0.9105280624705859,0.9493094749759006,63.51170239822677,73.97871600038253,50.0
166.27356668307496,493.00190350528555,0.1755820688914198,0.7624788137196554,0.7838197625195739,80.15744198804448,71.80079459640798,50.0
166.54803868706986,563.3947814543674,0.1764075873993553,0.9375930462867788,0.7212758715299463,223.51891663100002,275.7120887303633,50.0
67.59870344350996,420.1956213635522,0.06679857425505724,0.7794551127104182,0.9432691994780745,391.68162811331314,312.54333264145345,48.953750547419716
165.48660513773868,487.9480973015817,0.08453895706602506,0.9096586394418373,0.7815634795102866,184.72251816740672,194.94063625154376,50.0
65.90482854234723,471.06394969477753,0.14783907330331686,0.7625129684438903,0.7526267349163357,414.0606381312544,356.6194699503177,50.0
50.56906930172791,468.5290293045043,0.17834542749730242,0.7809850622286886,0.7206842089045474,268.0420977860049,235.7081562520767,50.0
142.5326846676865,427.4296976305486,0.1329118535286856,0.8511017520779728,0.7360196965032999,330.7993184880421,293.2293548760375,49.25123968490757
68.30965850050802,497.5668637088025,0.0531635718843299,0.8419168114427246,0.7766158670107051,420.07154503340945,416.54412279794707,50.0
94.18039937840132,545.0012152598238,0.13188601201443376,0.8834424674388361,0.894262321412939,437.99133814618494,493.9665286999088,50.0
73.94256954114587,507.6045410727806,0.174417292550272,0.9478902261930112,0.9223798277609407,217.16026818096955,247.8218712111887,50.0
133.8298032570459,498.5138141506595,0.11730893813018697,0.9176460842163601,0.7903509447667966,436.9076036652405,474.2532416347485,50.0
86.9526721332413,465.6466211356679,0.11263838579195184,0.9024893917349737,0.7315005069659986,138.38864714240782,139.49757054912783,50.0
98.54742468703427,528.9490497153637,0.07677227612761894,0.8605324535553496,0.7930433138117242,347.7502668331351,371.59019613874966,50.0
49.77129607224093,514.1754833678953,0.0696432568613318,0.8057286126230072,0.7546774500808957,132.2770009409677,129.15640477008796,50.0
159.7973294610229,593.9853050690382,0.13140167518993556,0.7786002245331453,0.7936370608448953,408.9795185066963,437.697116739015,50.0
81.43470201758987,417.40344366055774,0.12908558574851006,0.9190241702992069,0.8989815967858755,128.80541305865896,120.89208458393966,50.0
60.54905483730411,574.814354661037,0.07994703243843683,0.8026494693036023,0.7001633476903248,441.8010653564829,472.91899207329374,50.0
140.96327384927886,525.4657870181356,0.16004252223021476,0.7804097134848984,0.8145808986468939,208.04872430695139,201.1572963013372,50.0
158.90355104796896,408.0118238101389,0.08663374615900701,0.7915081872411407,0.759536663416424,458.7955483457189,363.2694692650456,49.0751971787728
95.52966759280062,493.2598825879638,0.16169210279284518,0.7808984408009851,0.8218163385250127,243.49334635447687,223.34347361112836,50.0
145.85742731836658,434.14167266249603,0.04487418980943362,0.7908896744928546,0.7851028890285648,279.76134085680195,232.43998993221544,50.0
116.11807967576797,582.1211434428843,0.12157664152807324,0.8502551289251459,0.7125607524557455,65.71019869530072,75.44302623115917,50.0
147.4852552972418,432.135916942369,0.04399546593872794,0.8398077535860251,0.7593696391880643,72.32646800247684,63.5630293095918,50.0
131.44376015866806,422.3185999914495,0.13733112000124348,0.8062099500333778,0.7433740125887555,220.88818531369287,183.69251268323174,50.0
135.1077508895478,425.09725935983016,0.16364342714641267,0.7973866649813297,0.8693482824722182,304.60169967844837,252.2064686204601,50.0
160.08026040963622,477.4645035950628,0.050586430213510475,0.7538310971102505,0.9067146402431883,286.1310369476445,245.343475336782,50.0
78.31172437185272,406.0207744422638,0.19383877193185794,0.8835735813401626,0.9333012719398265,169.47338334308256,150.00178049876575,50.0
115.60490557159252,535.6999936585275,0.09080795204121415,0.919621847003126,0.9367903657250619,448.18480296320195,517.6490626087796,50.0
69.42624589478845,592.6720640892077,0.041645519349710725,0.8932099946484289,0.8765615406388155,330.2102934274088,403.31849944012316,50.0
168.6152384521612,462.37588715274507,0.09439549820691971,0.7657878805893111,0.8106995341359343,167.47183680568162,142.28739958717264,50.0
160.9678318938494,437.14661440103714,0.09960142904855454,0.9357261124230788,0.7154521151723057,91.56223765012032,90.7555456994823,50.0
52.79073848887211,519.0425668253749,0.0640755633609596,0.9436152762901466,0.8116786318146301,275.68308215757486,317.70459257340565,50.0
122.66790856918162,550.2354273908086,0.16061889323358608,0.8655782225388177,0.9260899437484642,417.8335312877492,466.0093602669802,50.0
135.98673605780755,411.1211043360921,0.04110047395514389,0.7924894554390945,0.865880898478363,235.0388699971456,187.06625362835047,50.0
155.37879873845742,581.8350528107171,0.09022049224240437,0.8882111625478524,0.7679082953185924,135.7744248835024,162.58573661682723,50.0
55.84854402863169,468.4215241727188,0.10879321916477147,0.9161898342110136,0.729972773368178,380.7166313277024,391.46198109944623,50.0
98.99474183459544,459.98841395540455,0.13537311283812897,0.8367687845710489,0.7411013822697197,102.46238355006352,94.88939627207361,50.0
106.53739549009822,580.4826066572207,0.09503322984922968,0.8966000214445247,0.8646653387349417,469.1997114392665,566.1221920490515,50.0
121.98426975277502,579.677293316807,0.10392300553390957,0.8153589411715555,0.7027027709087991,421.9479833861589,462.5779729440171,50.0
142.13729805647108,420.89090362003026,0.13229718098123205,0.8427963396333774,0.7296772738772779,491.2557021773256,425.78553698411673,50.0
34.54208244660617,531.7435277454044,0.12516670015223272,0.7706530017750097,0.7431309692365905,305.58843379223623,294.3183435513773,50.0
71.49006589186038,587.6631457302632,0.17099843671744813,0.9467134413027325,0.7649177097376034,486.3756347590897,628.008192072452,50.0
37.04893377570946,410.55305157192055,0.15072180095146476,0.8415857988868055,0.7566304065090264,326.28663784635467,276.9713314791526,46.48699945668254
65.40013655501556,515.5263508688845,0.09747339951723046,0.9147104453223638,0.9051740401916948,264.80767915508056,294.524543335106,50.0
142.8000335935505,465.6358965595224,0.07344949979309537,0.7669376683750614,0.8166732802211021,266.9594445139288,228.27508751042018,50.0
147.727219456407,444.2477392892128,0.10095860378694399,0.9116811477787381,0.9059059026872434,223.0749841904457,218.33002024559994,50.0
160.5576829787037,423.72875314831606,0.1893999076802352,0.8867732903670686,0.8328930381716828,64.69657735302314,59.48977174015093,50.0
96.58346685508116,481.54962100054644,0.06579500991601961,0.8812819207001313,0.9427877268420715,302.9849649790363,306.10325387288344,50.0
88.47337941437927,423.27169703289917,0.13804733368584166,0.9376964316428309,0.8654444331179096,84.5613717414897,81.9449077835699,50.0
79.6532686979116,510.1326758881703,0.10451324098132037,0.9167288020950344,0.9036677511774973,325.32395904644966,359.5182180799557,50.0
44.822404549838105,470.9795366973108,0.10610760275323514,0.8851645850208147,0.8645399560743934,81.54866283856563,81.37044412534533,50.0
85.33630416036209,436.3557734434724,0.06509003285068891,0.9154604299474491,0.7104788041790644,238.6322941559546,230.68467728867316,50.0
100.3398202032927,546.2972719406232,0.1932988814271094,0.7940892008490837,0.9215454430323362,470.4368513753706,479.0121681548893,50.0
158.29887623448928,527.082871372382,0.14077130470955324,0.8306421266367645,0.888099470575947,289.0823082579194,298.04287287865293,50.0
132.40950496603946,564.8943035209098,0.06342980105645057,0.9165859431148455,0.8350741329475768,430.09965909060094,517.5994644257078,50.0
90.38223888774205,475.808097076607,0.1864097172027556,0.8002338535096802,0.9110530813215357,267.80925762923187,244.5141789572876,50.0
110.2259080866622,465.0422392552423,0.046283106278664374,0.8043997210688711,0.7015947608516476,490.25965417558547,438.6907858461851,50.0
165.20460937476466,479.03105949446103,0.15653933669434336,0.819161219682085,0.867773289271494,412.4435193706906,387.1474926762485,50.0
139.6617176138467,453.18569012642376,0.19845316860698375,0.7551539197528703,0.8508822016252802,346.7776917430972,287.0871044568579,50.0
126.32637799037803,424.0775157578178,0.19016476535570087,0.7862366558100166,0.8556883508099602,150.20423560538825,122.54396025752183,50.0
88.40707859904072,432.04512019530125,0.06734982438733572,0.83362895763256,0.8893207445688751,454.0840910815048,396.502185606352,50.0
41.777872716313595,478.6207815118802,0.05603929019566026,0.7533184961265196,0.8654296706609891,321.1022488849645,275.76770905906767,50.0
33.319085510232576,566.9894411388807,0.19595049536776823,0.7770919073589382,0.7578688034413245,440.7842857761203,453.43300213829036,50.0
159.70493171386588,483.9254765613621,0.048099595563051864,0.7578783667385639,0.8434874665172526,226.80279900193057,197.7162671449479,50.0
31.582355122463145,557.4743916298546,0.08902925163253946,0.7580516006018464,0.8470880552457882,228.9579864948746,225.5264640607467,50.0
166.33205787000094,508.8397325007404,0.08403826896592133,0.8918877729267949,0.7678730006356778,456.9094811334043,489.7810597250161,50.0
37.08023453539204,485.22424759044617,0.1731781663457592,0.9111297610726683,0.7560796397133815,151.7355819547532,160.247531073382,50.0
144.42274370985314,586.0796840338651,0.05525774740368057,0.840011727885245,0.7843635697410571,441.8098049558477,502.8460879429797,50.0
76.81616505842482,478.91446306378475,0.12479049390883729,0.7822734716776766,0.8429989695708981,412.44454818499383,369.1273115758641,50.0
136.42253017062228,430.77998093875476,0.06387991515863582,0.8036348735489827,0.7902686815852593,233.80501163381717,196.30285485280032,50.0
34.854178591649294,478.3821125887818,0.15154619074207687,0.7886870685912966,0.8603761203140629,166.92266207313475,150.65227127461773,50.0
154.0520552338923,579.1379888533233,0.08756595268501224,0.795998750792648,0.8028259930165578,158.23921333106694,169.1183374119188,50.0
124.23289832757038,564.87008944987,0.10351874595319585,0.7812633941417721,0.884487736849398,212.21352731369925,218.00607124436172,50.0
123.97791553207855,454.1287883963531,0.052996741569067626,0.9485163590975526,0.7390503769826497,494.78944728356646,511.98017845651253,50.0
151.25421635289686,457.8879043238976,0.11482899399758034,0.8738779938733003,0.8027976189673727,242.3689043406206,233.30229370329,50.0
76.23985345029182,512.8463633369072,0.17609192448241856,0.7903056756012625,0.9336082596883604,360.08944418670336,345.6225365124035,50.0
139.1323381993689,403.24007946789345,0.17094086796472566,0.7580277718170733,0.9224783440907156,496.3832362573895,374.40115263900384,50.0
71.1694447047489,442.06371125715873,0.16245813821728652,0.8006052681840506,0.9163905957930508,96.27916647086451,82.65077945583118,50.0
75.40611282921253,535.2967499041208,0.13507869236937556,0.8706300240245893,0.8706331148844304,308.9116279080944,338.16074840324023,50.0
90.06873170237324,455.1845388761094,0.16297301294611233,0.7952544860006372,0.8730885765386035,154.999770192197,135.40797771608615,50.0
60.61994444691549,411.98866017226163,0.06095579887906785,0.871199393454205,0.9123616015564339,70.24856955594096,61.630451528969296,50.0
132.78117626583048,468.2637291900104,0.11656453918712362,0.9357719099691131,0.7829928761839613,259.4016202727687,272.44146043516315,50.0
106.74032838192308,434.9294371792659,0.08734912470985859,0.882764894970545,0.9413256809075999,72.68754812099414,67.6455033674297,50.0
154.65380491973724,515.3762402622417,0.1302271306808998,0.8500557070415521,0.7173485214760458,90.4445832812723,93.58681547551316,50.0
158.4175293208753,481.31810747189445,0.06292503339242257,0.8929437667004072,0.7733383553602524,286.4616383101519,293.0844341753907,50.0
127.6965899707238,580.0528222404141,0.16675059116826818,0.8852722135745448,0.8699082955987858,475.6660898144389,567.8212925127871,50.0
122.65684191595975,526.7423199531058,0.13495382123275582,0.7532486886418908,0.8821945136126619,195.58868561847117,182.71961059071336,50.0
123.10783846092835,511.31568570043066,0.09483694806846515,0.7769152534208216,0.7236047244151202,424.1832499005006,397.8952014845899,50.0
44.48077608046767,480.4054433776481,0.15663027201682517,0.9059641768020136,0.7295546555727721,50.01382348042209,52.04582844669205,50.0
129.6991864232847,471.31923519724114,0.08071701305892165,0.7525794939579051,0.8350748516903749,433.0178309416918,367.16101090780126,50.0
102.02458588358519,417.0112770978482,0.12781964824681596,0.8259958157930789,0.8517838202208942,224.92685654444603,189.58124561748212,50.0
63.64187728305134,418.9930550456753,0.09038695113422332,0.7693289668575505,0.744224237705996,494.3012713607957,388.83866829262104,50.0
152.30659402321015,599.1137800981376,0.13323431189514906,0.9124947642088344,0.7817352560841688,187.584780851281,237.05167788801262,50.0
86.37852093923843,534.5014525347299,0.1491506702808158,0.8130478869298902,0.7333024810341571,334.5783154094789,341.792661874997,50.0
127.07909792788325,540.1222992788903,0.1605555377055355,0.9245718843131329,0.8249897479911971,378.61213528830706,443.9639897706223,50.0
116.68418295121714,437.32798795953653,0.04411034317910531,0.8069082771353867,0.8107584265844048,327.6976749928953,279.45739415906627,50.0
47.576970585786796,592.6959894948654,0.05728712950022514,0.8456982140214379,0.8463909321983254,293.6184894083472,339.75533204170415,50.0
42.04450198461205,411.4053828007239,0.05687734839376571,0.8671175367745225,0.8360862219085803,155.1833564165349,135.32310967903882,50.0
35.82105437852313,499.62598870960846,0.15028966593643045,0.8004623854139374,0.7769427263232872,326.13705634522273,309.81778164389885,50.0
155.71094108212316,561.9848840605798,0.13330083505593338,0.8960443435514498,0.7912056175519496,338.434487644441,397.45303145427937,50.0
128.243358342816,511.29292746976444,0.09737945311257462,0.9322678380157261,0.7052335294566833,192.0979180622732,216.23911346437905,50.0
37.96339568887052,553.3054632443254,0.15233719265820683,0.8162704437472634,0.8689157255517682,228.17175178817743,241.04974019763372,50.0
87.71916189643318,586.9459830976602,0.08014065598251204,0.7740894679993131,0.8461357783148645,486.1948155278805,511.05653995302544,50.0
82.89748992180614,412.4073527257563,0.09428884276953078,0.8511863308639117,0.7404807516580534,346.14599812542144,297.442360030095,48.943534761164855
46.12046497532816,576.6547202852448,0.10637210488341631,0.8274548822849682,0.8649225682326185,248.91503941900558,275.71181675226416,50.0
120.75268563309845,412.2892580261575,0.1701957349955564,0.9381007905758805,0.8621913465398464,479.55466798646484,455.7586559692899,50.0
114.25294275236261,516.3473294842373,0.10423388465424693,0.8176168818732523,0.7317060056376047,226.2841027530252,225.32936371670897,50.0
52.772514114767915,546.8731352984437,0.07341294967913439,0.7617130610569067,0.8380915344543085,317.8533797237307,309.2793327752378,50.0
78.36731952128241,560.6023763052641,0.12644462290998737,0.7658560569262384,0.8414626400783116,458.60834543974806,459.24006013897514,50.0
85.48376756975088,459.26516037996004,0.06295511312288321,0.7802891043870714,0.8081928710854547,318.0559208726883,273.4095841774915,50.0
145.98141393145872,416.03735136242267,0.1162942204372999,0.8760186253723327,0.9071632265295723,402.5613020221705,358.95992162246625,50.0
68.78969495987596,588.1760339118408,0.059895334628939256,0.9250267237242304,0.9427350624011546,129.71908545018152,163.11294835454652,50.0
111.29033162734878,587.1874496497119,0.14756010996707114,0.8462555902438473,0.9024187590664723,477.739769429484,550.5430145576827,50.0
33.08926081552072,596.5042544512078,0.05378114225018885,0.9128773558537522,0.7700836881378531,109.48084598924228,137.49077120540719,50.0
83.3332583032865,410.9130816565398,0.13591378234539467,0.930480655222135,0.7958038414868129,147.34974993387215,138.28820035665154,50.0
91.96082843059415,409.67254220975616,0.171278013516844,0.9152681621900374,0.8470001158574071,208.89630002227526,192.70829997278594,50.0
145.63052319700228,526.2917585166041,0.16550487571404757,0.869712598643552,0.8035352670539165,481.0756369667619,519.1722559554923,50.0
105.75593548303826,521.0179037081077,0.07527802230635988,0.8751301578854552,0.842901912370736,133.17727907616123,142.86383424193275,50.0
136.91691770904487,504.68027418440164,0.07628362005114331,0.8833043953386069,0.7200264316524005,248.82516716087957,262.24592152475714,50.0
52.871346175778825,436.8918102119767,0.07236703186531258,0.8273414114087956,0.7127875514050994,229.00704841809417,200.34279493453303,45.92146891624039
83.58977405642568,567.8293216141506,0.06325227078728066,0.8511393487562747,0.7155103542391386,82.02005549505938,92.06756688666862,50.0
110.34121895479348,513.2036849775642,0.18048536205511312,0.8615747351320147,0.9399477551012125,71.9126817799684,75.30589545044036,50.0
120.38010539983992,409.11703158973376,0.1913553423752959,0.9184330753300762,0.7741531205392732,84.73438860191058,78.43002589677592,49.94025381737073
53.78419025066802,425.3888827509945,0.059725404687831496,0.8537123377331468,0.7614618606233501,211.162872438115,186.35907152142948,50.0
40.746128664423324,400.8374887255916,0.1472694934075068,0.878363903360287,0.8026972024999028,270.3398342144147,234.8538584580817,45.03259050852611
88.16202008289255,404.8010089689778,0.093659456994794,0.7854164510794579,0.7246060472753422,480.5241952502074,375.2546972741583,50.0
74.15092405725645,478.62942589880305,0.07790783902347576,0.769393134193085,0.7447579093603959,408.88132038341865,358.9962619828595,50.0
124.85641272572862,509.38577519709537,0.11601437965868289,0.9344868567312249,0.7181837369446671,176.27036595706218,198.41996317360076,50.0
168.95204682267598,448.13410295143063,0.17988917346193292,0.9161245520863582,0.7561643494104416,229.69966108965016,228.3756199820226,50.0
87.35420170095267,595.6441337053117,0.06894270422062374,0.9098315942209564,0.7835481785432774,378.89165559927216,473.90923467603983,50.0
146.56564826565835,560.8331129967769,0.17862770936635203,0.7619234650689318,0.8730126382599361,112.9943195247933,112.83331091733201,50.0
88.21459952257754,509.71768301093766,0.10443831755949293,0.8539223351606015,0.9491315771996547,110.84779117078463,114.02732252369888,50.0
48.621371847026026,431.74735267486193,0.19188369699929872,0.9259202993423523,0.9267604901037554,496.1897491223239,483.8229045894983,50.0
59.164154601192514,471.0878674728124,0.14707504478797867,0.8467605079721294,0.8045973833445833,211.01506220101686,201.8234491594146,50.0
52.604096768993614,494.3479675036878,0.128555484193576,0.864057387746278,0.7525267982280879,384.02212651352903,389.9262065201682,50.0
33.52787327494975,470.96637110863253,0.16483402376570136,0.8627785842110804,0.765290608127715,362.7289037043715,353.69343777814186,50.0
132.90352606657527,522.0215844072469,0.11810842804973024,0.7766364251335047,0.7653332544713459,238.59476281268837,227.91117558117344,50.0
113.90190018089442,502.74157104306096,0.08610952415352471,0.7512928715579421,0.8240598054752034,178.53169485300938,159.58585918984534,50.0
54.417297395609936,494.3298981501191,0.05462751869074211,0.8751363824522704,0.8376329201490563,233.31448589577457,239.17698666033948,50.0
102.99278300632378,579.314931693802,0.07140708836977072,0.7545129023410695,0.9154162211747752,309.7026870745579,313.63819738218655,50.0
143.42255259435836,485.9346726710296,0.159977589006123,0.9326082933779711,0.8430307409305515,131.3533177530708,142.08524183889298,50.0
67.63166610422775,439.7289153794812,0.07949712441531727,0.8112830898702073,0.8387834466882971,314.59623325872474,271.4163134714944,50.0
41.42048958559123,417.557647411632,0.06749271365722535,0.8536154996080689,0.7534986696745783,177.4779815716598,154.29914258529632,48.637222716570314
86.04379706421918,562.3732248020759,0.04221794174605762,0.8798757640473245,0.8672191327601713,409.39510116048643,470.7520073298482,50.0
122.82380852124064,535.8133208991275,0.1890784645306413,0.9493898834823339,0.880039365232735,179.24954414231786,214.60779489745076,50.0
153.1653363212081,409.84418290815233,0.0769729364599194,0.9294771434927429,0.7640478786098387,149.29297682978682,139.255221118086,50.0
63.46929377050415,551.6080842022433,0.16160088719393575,0.81251960498166,0.8026706582525707,144.3606248435904,151.46367121817374,50.0
166.7185432652066,529.1205154116824,0.1895270209144825,0.8106771087258267,0.8954727282492224,394.6363897481339,399.1730979719315,50.0
124.03924029416851,545.8619600954412,0.13200969175341035,0.7913635786266793,0.8261139854173388,190.48538145610823,192.69870265172284,50.0
89.84531394333646,529.0437151689327,0.15923435883053352,0.7964449381802686,0.8013313401617383,171.12270694623314,169.8238063486157,50.0
157.29537722117894,474.04643713691536,0.1602046278998027,0.9293990578728821,0.9115310526325578,132.26602484265166,139.65879040996407,50.0
163.8808634118706,475.3352880858925,0.09427850578781381,0.7624862654555561,0.8215434135262207,99.05612703841791,85.75438377317397,50.0
143.23568528883578,575.0977300791793,0.08839461079383515,0.9217396242489148,0.9143077343424477,394.09292767319306,484.80039215242664,50.0
50.53731596212542,538.0645693801458,0.191203850332891,0.8865080957534314,0.7829042122769585,275.26069284387404,308.8545644928918,50.0
46.79341184233577,462.41280893040414,0.16838336488858122,0.9222836092191035,0.7343250081788926,478.5740385794261,491.36508756194434,50.0
76.03516649880531,532.462747746144,0.160292023353069,0.9123892469275766,0.9364374255564825,190.81379661297018,218.1324306532414,50.0
124.88125376818486,450.4629472270306,0.17968690352243255,0.783771692674079,0.7134086978802077,372.8592457753605,318.5115779293769,50.0
96.56660013258272,569.8196039917352,0.10134354256932143,0.7836557177015425,0.9091105481174674,297.00933423803224,308.3294686923951,50.0
101.55590938853007,520.862596448064,0.11374373411305311,0.9157417967636012,0.9073906789207624,369.2249698209738,415.0062142557209,50.0
44.75619283550472,567.7707723808138,0.14736207688526556,0.8894048332008598,0.7907457101009678,445.67580027065304,524.3831428434742,50.0
87.08892481686277,577.2760723920284,0.04755147227158064,0.9422833239284099,0.8697906420798907,334.11918993951946,420.91218885842153,50.0
67.87829590831879,449.7583577478354,0.19072931511817529,0.8096544908468245,0.8938763241797498,226.90480919318563,200.074858225391,50.0
81.67906713328863,471.43846679860894,0.09505465885591075,0.8541087674609716,0.8101662208560734,445.9615820271565,429.513798493903,50.0
100.77291084128863,501.5515676377138,0.062139455155289056,0.9465479081820771,0.7624932227172074,83.0138303568212,93.20831859272211,50.0
88.12039155898441,484.4384467761356,0.165610227367429,0.7891425280199298,0.9050633297362224,341.93620125275817,312.2431863846574,50.0
88.65576832913342,491.6057233167737,0.08106355314977533,0.900422866539395,0.828218685576317,194.38454423742962,204.30432945503236,50.0
78.30235758943925,410.9465413849972,0.07267873701894861,0.8337390286655368,0.7549087321486422,50.10216719821499,42.003007608232764,50.0
158.1002152846538,568.7758822461858,0.15876675703791154,0.7835629191292057,0.7300908940524965,80.42213726257242,83.52682533637199,50.0
90.27501492782518,423.8281343992096,0.12198285131713704,0.819766381491726,0.7937062310874994,329.59878087006825,279.31450955400453,50.0
130.62053585670833,422.12071977463216,0.04569443692903622,0.948866060537143,0.7581820872288879,74.22373620880659,72.29657886025858,50.0
77.77422296608088,488.8366813756733,0.14809388377079022,0.851778814013976,0.915361421505331,439.7160537705904,436.3692893930931,50.0
31.387497368761508,555.6092612966398,0.11371737603866783,0.9477681082607325,0.8208080189688587,494.1031754247339,607.3341426659771,50.0
105.37529710017408,598.4271278957166,0.1772048972403078,0.7694733787582442,0.876592999202499,205.51081364186587,219.13010133232825,50.0
30.977516663248736,480.6961938053999,0.07756070747599542,0.9137738541040943,0.7843326522114413,422.3856622792177,442.03426964773956,50.0
39.54612676716478,437.42485408210035,0.1288879311816992,0.8082722145675489,0.8043486955822869,219.59009615623484,188.3675765173982,48.76172838494188
152.62668949998525,581.059799802103,0.11887311546493762,0.8160311900631209,0.7267001760005909,479.03129572194274,526.9639635930389,50.0
71.72926816380058,464.08025722804297,0.06628589492358548,0.9066322861847393,0.7306244654914973,335.70799661892323,338.29259479435547,50.0
47.33844373881445,414.1071275185913,0.18550872058974024,0.7880257532637411,0.905312538639926,295.08389199821113,236.60064895309986,49.62565030817795
53.63340080983899,570.7885764283706,0.042116610064847036,0.8523560913138961,0.8923606448553891,470.6579828717525,531.0195179867445,50.0
157.2882990689082,563.924973909529,0.18211061594580866,0.7898439371674153,0.7710460739279321,180.03583621447632,187.27135050167786,50.0
106.23774545165458,431.97595267328825,0.1505994662057583,0.7835133078609013,0.7775771205261368,276.50530877276935,227.79891104815232,47.45564010407571
141.50167861328683,547.8938466477455,0.14328549702568358,0.7811546521160341,0.8367613364038944,89.35092580994845,89.54605915022454,50.0
35.57360152240554,454.79761989399435,0.1929039147626383,0.9407265215659378,0.7880817635631348,69.39504902674582,71.7603536852797,50.0
55.07329150594542,478.443558686708,0.19164475167507677,0.778239812707437,0.890878960917053,98.90714271861142,88.24773163621153,50.0
138.53283544586785,468.51821656222637,0.1404270203454094,0.7884032169480073,0.7365052548242406,472.1288628056591,418.4056844875347,50.0
158.47061890662067,577.4937880425765,0.14006935202665496,0.9116536422432556,0.7172592342278437,200.6550688508056,245.48763612109067,50.0
79.83408828588966,429.70135632873615,0.135434732066167,0.9128767841338162,0.7955308736149933,109.52092179431676,104.59558708087282,50.0
57.53634762379522,447.4966610338768,0.08798361487912579,0.8785590141012618,0.8502363711344297,363.2359377051676,344.4602768430513,50.0
58.572272561806436,493.8081495036308,0.16815019544662885,0.7860317295465238,0.7274657784351957,447.6577854595954,413.8112883313518,50.0
78.01015278628742,536.7740249818064,0.04405577668223016,0.8880093776818899,0.7790253278867426,75.08338411434877,83.72687223657874,50.0
84.1530138872632,416.1161624573027,0.06354612017519126,0.8095954470991688,0.7224398751400393,459.87181910884186,378.0472927074665,50.0
30.84658604575698,496.7720437728623,0.05971959330120823,0.8115358178955897,0.9315148899545663,122.76254897329409,117.21322635639285,50.0
153.8270218635463,510.7986511006262,0.1255294750650094,0.78909160007368,0.7415573405129147,462.4201180019814,440.7432735080406,50.0
75.89734783900477,474.4164509925792,0.16157178534854214,0.8177646964845615,0.9380156116597507,382.06749604946015,355.21811561677947,50.0
36.94482716892759,451.41253843784176,0.11440581347534559,0.7953957078943041,0.8859762968255379,463.64361397417633,401.4339136373944,50.0
89.32781679032928,468.426520022379,0.1938481171420106,0.8389704865655081,0.8222621001123207,208.24244255385742,196.8179249871902,50.0
136.70444220543027,562.3613436701772,0.09469584670676132,0.836738866264076,0.9121179436015661,213.46490825411462,233.88794283457423,50.0
141.1509186832592,588.1984645148874,0.13971365969088112,0.8983254574903777,0.9012743280102837,430.26784200348914,526.975405251752,50.0
86.26267797314352,534.7512459568179,0.11205606172492685,0.8997926301720797,0.7892456073671659,335.6348634968133,379.04402891410376,50.0
56.09877267955644,549.8738873289914,0.12731135501008414,0.7908128777093201,0.7729777933744517,386.87391886182456,393.4797884615738,50.0
165.41796665184168,543.0250039633776,0.1931415732063674,0.8354210090720686,0.8187750851729301,454.07984728325863,483.9367331487359,50.0
103.50690763435385,541.4557823811334,0.08034766039928479,0.8393452937405281,0.7308624664525887,142.69101614463275,151.73632092038457,50.0
107.092464293119,430.62890001679125,0.15649862997378663,0.8700502820199165,0.8828126473368437,396.38598028568924,361.8031769970958,50.0
166.55745147586433,514.712656005342,0.0946625780304963,0.8796929113800473,0.7171101773106565,453.82879324471384,484.72844085161637,50.0
144.20435328765694,519.4624756661424,0.10298168324439075,0.8446871318750042,0.913636848300545,203.00197372695146,209.89583676153862,50.0
151.750955873704,417.6268861953383,0.1642877499533809,0.9195095266109472,0.7454544132093346,243.6559395674902,229.30185706774125,50.0
104.94868752863195,527.0646693416642,0.0714379147129938,0.7923491724104839,0.7103743313774765,194.93039083807838,191.16658689593135,50.0
108.3642525867145,571.5869827994658,0.14670839159338891,0.8370792646799503,0.9382800285985344,373.6603402591243,416.16114659812365,50.0
66.24659847103955,410.5653372729444,0.1561735762374161,0.7742605996011068,0.7756937820679918,289.61190854775384,226.23960666820022,49.1020937917529
109.01832228916467,520.1166393974272,0.0666008528559521,0.8259474809643297,0.8542985567792416,486.41848908520313,491.57405963597535,50.0
136.70968816398477,518.34339377848,0.07072373906181513,0.8833371303785026,0.8558448914899768,321.1111267057699,346.1154916419953,50.0
98.57002151835371,505.7313207978551,0.09351080433889666,0.8538625385284606,0.7493889764196195,412.3284788121695,421.12657251012126,50.0
91.2803554906958,455.3508263902617,0.12930738942247053,0.81940046708244,0.9332169225316582,465.19031282160745,418.21500915772606,50.0
100.33205479609336,465.5767988036517,0.15794118623306225,0.7573425886966133,0.8186922515109127,201.34552742165008,170.64128512134266,50.0
97.90251825336577,417.0806060325443,0.19559382240446438,0.8536020862752196,0.8535465610797528,156.4744022183783,136.76458783371996,50.0
97.68973191495253,485.82989839166436,0.051983334720317395,0.7712320707094934,0.9093681299046936,157.9189784929656,140.57971636049166,50.0
137.62459839075183,412.3893037157976,0.13228926714212094,0.7738420885681146,0.7091152627064046,73.73477847299782,57.709153053964535,46.16909966225645
146.78297514918177,423.5944967256123,0.047224218305966716,0.8375799774285825,0.9109983679855062,168.0837694201859,144.94378394252857,50.0
92.87099197888261,515.5226161274268,0.13134512860034317,0.816485338434873,0.7788832951657838,97.98062852146904,97.40869059855744,50.0
81.35176489047757,419.89893377459293,0.16265535115392826,0.9432548595496371,0.9425186141666767,439.28199471892725,425.9280710840596,50.0
69.92881237525796,526.1540840345241,0.1129039279103804,0.8464034679553865,0.8894441400937895,176.86326001876324,185.31874244131242,50.0
74.52554563723278,584.9283582257274,0.048995887176155564,0.8471268596826681,0.9282002001019654,324.66335351817065,371.9262756951938,50.0
78.05856846902276,570.4096831609386,0.12947490108295331,0.852948438751356,0.7248949283850072,57.21267040480541,64.77118430766251,50.0
164.91592641618686,475.3972334573683,0.1365140899359207,0.765943014637457,0.8707785714307616,469.6550189176824,409.2349450603865,50.0
111.44101384628674,553.2694426209305,0.10502664585184299,0.9259675495882935,0.8621707383393411,454.6620132301411,543.8466143095591,50.0
117.29074357462721,426.2575944009648,0.08955067377683026,0.7903589896504913,0.9272066244292155,392.1800302793672,321.4293881962456,50.0
55.76626808702989,551.2902175977824,0.11586527134065275,0.7951579104301258,0.8541554945413188,68.15023346230339,69.8172248486027,50.0
75.6638355779555,493.7113989182269,0.06367333345750494,0.9469308955181679,0.7522743411474035,108.65890851946949,120.4465993698417,50.0
89.570792298058,513.0831879505076,0.04336146511781772,0.7568862617146629,0.811456387456754,417.4948594407306,381.8290017612698,50.0
153.93344301905913,417.34131351912805,0.12613809633616366,0.9326459372558541,0.7969931885994715,423.3046241427659,403.07986527098154,50.0
161.34536415346113,455.1133552618357,0.09314760352987721,0.8901616836003481,0.8913290748813465,468.23156773211923,456.34966050386,50.0
58.67233726786933,559.5996070438448,0.15816736854351415,0.7627589112507196,0.7968057853025516,177.24445567704436,176.71413256023928,50.0
166.7264692241013,475.4403564915277,0.16829442695244895,0.836906192660899,0.9173834179537449,131.29589359008645,125.18845558584876,50.0
162.67606478899916,443.75434168217595,0.09219528111694905,0.9012384468213561,0.7984387853913516,323.695119544901,312.76534808038855,50.0
61.96637533160552,411.6915974473754,0.08798870359569061,0.844861732973686,0.7420050130481696,209.6587803453749,178.5112386221521,49.791319319844995
85.9976225610996,411.4783687376547,0.13332915970947273,0.9268686855942575,0.737935728238263,319.01360603068133,298.5291439569132,50.0
128.15366223099778,482.1463086982024,0.1207419660763896,0.7514706089108854,0.8729300285336722,347.604205525126,300.48262205417956,50.0
35.37612282568824,473.65002147902663,0.19664509452666679,0.8341473125137233,0.8254863512829604,459.46857117187335,435.82241174430646,50.0
141.69265538775016,572.8732532911947,0.11310209147796271,0.8450216729863671,0.796512733912959,485.01776300830727,545.6756446921424,50.0
127.60327560064906,416.6446132416145,0.17807353973008297,0.8461119881672536,0.7171884766056218,297.37276482349,257.19463238915256,50.0
58.55924450531423,565.2929218984366,0.12923019058967244,0.7609220606426939,0.9429613253313711,280.6768598464399,281.2860369896006,50.0
70.72275959242154,493.8813683978516,0.17725724536279824,0.8109806248770127,0.7481690991216751,108.08206111889666,103.13412527323031,50.0
96.02769112733664,445.496320738708,0.06658959993755988,0.8165458953020758,0.9349810932214272,204.36202066551095,179.27317356827848,50.0
168.33737063364896,497.04609115307125,0.06866622692642414,0.9282280183587018,0.8150888432837067,369.352104577036,403.7063399769368,50.0
69.45550046136609,436.8602793900198,0.04629790077115672,0.7543693423972404,0.8936214007799477,110.4950423162975,88.02485568544,50.0
95.48088623596112,521.1793630358966,0.1085362880910154,0.7554213304672466,0.8958753756469772,54.73095104374407,50.762704592655716,50.0
90.59758894800412,507.1084946195597,0.11631734281882461,0.8278417237246878,0.92185613384259,452.27007980149574,449.3019526353073,50.0
77.01429104981483,523.0139508029396,0.18830520994333827,0.9424116997882703,0.8272397601055118,253.77116237794706,295.46477221019893,50.0
69.55703745260945,455.8016580695593,0.10479497398019016,0.9497585871631309,0.7137415767099555,310.34381819158915,323.29636490485916,50.0
41.56010212493881,430.9041659981038,0.1103300706836638,0.8520920262692883,0.764698102091131,192.4057088934873,171.70615269460745,50.0
165.31818151327616,588.9414763344963,0.09358052642191761,0.8641707872557522,0.9273988477777361,52.7827201884035,62.150927685326266,50.0
143.49569984726287,589.6739105577838,0.05461211749336913,0.7822895372065842,0.9401865756928388,291.8930646381558,311.0236491948414,50.0
132.64245293915195,599.0843025850912,0.08600179190140145,0.857644020373695,0.8333308869649012,232.54036675125687,275.71520867485066,50.0
53.68266513793883,595.4913126367685,0.1765307498666538,0.8496666056588474,0.8508113556710074,152.26747410184805,178.51500139380047,50.0
102.12338397412243,598.0570341169882,0.13781466499963618,0.8241947425184338,0.8930380069039595,126.70813021173892,144.43019911537814,50.0
83.83221391887731,469.3917900755172,0.10908913521724437,0.9063559651857452,0.8210432580408518,407.3065026196832,415.02897323852756,50.0
143.39702411568612,447.6579341106183,0.07590127676796728,0.8509005848109671,0.7652123114905222,54.08916572804735,49.66554406006123,50.0
120.76165382183221,502.21876429447957,0.11128285031890578,0.943393702923663,0.8427997959907284,438.544210005223,492.32730831461026,50.0
151.51714774232642,516.6211514559795,0.15488226850032025,0.8244087135624415,0.7231123792592666,256.05513280718213,257.7430074708811,50.0
85.22711471744006,573.4120364757895,0.07903924837639556,0.9433468455070215,0.939534529951124,161.4342393821474,202.6618602830608,50.0
165.32711092545506,488.6878205672088,0.09135952730254365,0.8552188026503084,0.8719423015914336,173.06353191874092,171.97600575581257,50.0
133.1062444466702,410.3314714229282,0.047887118842306634,0.827257541029109,0.78836829801518,192.0349469152185,159.34804767123572,49.30083135333096
56.91610858553287,461.8939098177202,0.19598468364963761,0.8322226833989697,0.8111781942145839,309.445245478013,286.77912581121717,50.0
167.66770757799173,448.3202552871526,0.14900513768518941,0.8931969387083448,0.8518311041982665,89.86025283648983,87.01227183539906,50.0
113.45997093698557,547.9162354443486,0.07375518249919207,0.9183244015085548,0.707588451383251,429.71578864623774,504.9223467573039,50.0
94.44606708998711,443.5175879863289,0.061404503199034885,0.9406614335164745,0.7181663968952892,139.59203897116655,140.51430691137912,50.0
106.27215193865378,425.1286984824628,0.08635647739811433,0.7977503542172049,0.7533857136225853,235.01495141599418,193.96553588131465,48.46020836592351
128.56440336283197,443.49058644344717,0.09866862075247704,0.8281834853682324,0.9441141323588524,479.599860595581,425.7609263495196,50.0
39.52522397283376,463.38082754412494,0.08268712790941293,0.8511851600292788,0.8944319775169483,436.2453224954861,412.5040665029791,50.0
148.2809719574712,471.93511224461355,0.14995749495370927,0.812566839504844,0.7152263858087956,365.70436952132405,336.1964887552063,50.0
76.1130977022906,538.6755077037704,0.16259927564166063,0.8108189271942567,0.9029067536112133,182.2625422272202,187.01520750743205,50.0
92.48569039811858,545.4037054028267,0.1508672366759662,0.94747369446244,0.7562902560539829,348.0430610928121,421.55105357752717,50.0
51.89069983028251,550.3596327173866,0.13092297860300295,0.8049331739575811,0.8186087285367935,200.199468681409,207.43920913678616,50.0
111.10387639038453,577.8001221629331,0.13108879750595231,0.8763444836653168,0.8296869617786773,73.02447790046415,85.89064998011007,50.0
73.43293972425866,436.35271955223885,0.12066125470695013,0.81456195868957,0.7645269107933537,258.7934378481714,223.18555904536427,48.311570419957086
48.65979613150424,585.5491466150814,0.17883233566707826,0.891524117148107,0.726553456897114,399.14476451136187,483.96637182749737,50.0
45.95522419669376,528.781591413553,0.17349196731990377,0.8654706802439335,0.8616018438070222,256.26356574183774,276.4013359536821,50.0
104.01902478376736,406.87537167034503,0.14223408351572553,0.7662894425782318,0.8087536485850558,181.69479395033352,139.35088163529358,46.357686276757384
126.83007627626455,559.002307385694,0.06613671195890504,0.7708626174703764,0.7363788706968397,444.7074028543258,446.1003824326945,50.0
103.94649664588987,493.45219920150055,0.05707389105637668,0.8799112013513923,0.9169998979737725,422.68364119555383,435.0611914511161,50.0
45.73558380464181,409.8617974219649,0.0811966746387951,0.7771322934320756,0.7650120100631084,223.27612507353277,174.171569086078,48.49893237883407
162.017589769959,522.0752119563384,0.173595805709274,0.8920703001424664,0.7281257826316578,381.16418286827695,419.1933981101077,50.0
77.73467631001839,599.5344526529318,0.08216823671948445,0.805826094154854,0.9326680638905995,61.0899820863452,68.0909169419391,50.0
127.53645830224757,545.0652781471756,0.1738205723856639,0.944887862127695,0.943900479789163,79.37454090490876,95.91167035772438,50.0
120.62789881223277,425.66998532293894,0.14402994663130453,0.9464965161202495,0.9279546423848617,247.60879736218274,243.39347580152048,50.0
35.59271626005321,472.45869800004095,0.17222244985608884,0.8902998202930332,0.8148359138984891,74.795690821474,75.48233293827793,50.0
159.99777460517905,528.2172207164319,0.08986446666474382,0.8550636528901443,0.71651382695554,487.65570604238155,517.437884572491,50.0
80.40838627030163,495.57347098262716,0.09684543587790762,0.88650234602324,0.8655580395823982,371.89503973811105,387.7069743671205,50.0
47.535172353469115,531.1019943692226,0.046367540373704406,0.8695364671046918,0.9174239712129084,450.8744667303351,487.91722232065115,50.0
92.86528645179465,491.86073764261477,0.05231506928128278,0.8841530050886071,0.9053148550932113,160.09477457212085,165.09302400714571,50.0
152.79686547272033,448.6359960528452,0.12809130152661827,0.7884986301271654,0.7254696910348891,460.0042256263809,393.0632518885004,50.0
144.8710505924953,552.0069803606348,0.04780261101010247,0.9187457585420514,0.8095110189763459,204.07780548313684,241.19513034827017,50.0
135.93051690933584,516.4870153776592,0.0698544154997068,0.7876464399538091,0.7460621628931685,75.6510743983703,72.48475210156887,50.0
112.29178291203587,568.0696355177016,0.04279971423798218,0.7598009289942547,0.8431925691717364,418.77305842372357,419.4555764086869,50.0
113.48850964954863,454.8425778248294,0.04425733857242946,0.8970457036203192,0.8564124782353633,311.3401995750466,304.9522552194426,50.0
133.83577805885523,535.0461675124075,0.07294111810853138,0.8204962093886702,0.7315275354196562,108.43565603804646,111.54650344500006,50.0
164.78256174055946,525.6694235098889,0.06945621173775311,0.7711300690897861,0.9032127428841894,310.4404143619997,295.6014863725137,50.0
116.55990294192078,556.2924177509418,0.15252435643719225,0.9168916505712192,0.7140534763649695,386.3842865359272,460.6290545018951,50.0
119.6626183590554,462.83241276739443,0.19327537063719266,0.7566847144871007,0.8449482109582387,124.92659617228179,105.43206303061785,50.0
129.7108287248022,435.1780566837324,0.07766132190373722,0.8488741622091516,0.9287087374992194,145.2714674665869,130.0058187219699,50.0
100.08673452675033,582.3570224763542,0.06345832914557477,0.8791855786046079,0.7582197865379537,120.54219289323768,142.8476551397488,50.0
125.68011812201787,518.7369239817466,0.160772393337973,0.8118925152892364,0.8119929140955474,232.4622543486883,231.29631663387343,50.0
109.043171380645,450.46454885274903,0.18644639046068384,0.8031371129732527,0.9239539328900486,96.5637786409631,84.5533086913614,50.0
121.91877833595132,581.3971036876487,0.06699991014371673,0.943665392019851,0.8132208401038779,475.57179879846103,604.1234675993426,50.0
56.3623534883949,460.74700924501985,0.054882785482028,0.7787735932686659,0.7261651100866202,240.32459468370098,206.66749999809048,50.0
141.3809726760621,428.27671084326806,0.060851269307573744,0.8786857899034661,0.7492957454920165,93.92451714904622,85.79800068272212,50.0
121.81490742583499,507.4551347336076,0.14833988215721022,0.8865342304925519,0.8571835037649982,169.74561584178886,180.9325776585019,50.0
35.46089890679454,491.1133563980218,0.18255582155051261,0.8638994517037152,0.908097760425477,496.23095433255264,502.15223696721637,50.0
124.40110031800344,595.9910894716556,0.19769611743244805,0.8873357223448258,0.7609036979955486,409.35012715876957,501.9369140127239,50.0
44.984078789545336,556.1398608343258,0.18563137986315142,0.8265666789536871,0.8576588237457701,243.56422944357183,262.03302139366747,50.0
136.69814686304545,587.235312833301,0.19052013747751378,0.7849562569749867,0.9186859124141414,381.84414864220497,408.8320114685505,50.0
65.3972360966405,413.4569225843029,0.08287956270150049,0.9324416473563051,0.858294668723943,374.47459740404236,353.03683380512206,50.0
33.93701087890933,475.06426915460275,0.140280535766773,0.7792193131082641,0.9057508936117337,155.7640844653634,138.0199771126294,50.0
121.31935579458248,481.03942851506594,0.13536697527642355,0.7714901105257816,0.7042281999804018,459.3039923211355,407.09227008722235,50.0
169.90904206610801,442.28625159978225,0.0824273185893369,0.8825719575269331,0.9413621586501553,462.11645668583475,435.86789077188035,50.0
100.40257280918189,559.022056505345,0.06171933649598417,0.9454876368408024,0.9410883085089966,123.67803104562694,152.14901116454766,50.0
68.04046384574517,563.1911578830413,0.10053049714644152,0.7676793934293517,0.7855563811947261,491.62250040857606,494.93679478610284,50.0
118.15570333628841,483.23218928123157,0.0666461621595632,0.9472353594567389,0.9052122523157822,176.66478610291372,192.4105789032928,50.0
160.02687896876893,499.3486856011969,0.17487127719299156,0.8391773239719615,0.8771458864419562,379.3427317789254,378.00498201004154,50.0
54.35491882646741,472.2432117951623,0.14196834504608383,0.7641393216368733,0.7903850469407391,290.65975982653663,251.3301437869839,50.0
144.24794599600528,486.4134570133235,0.16742251561915344,0.8690829603240217,0.9216488603755996,234.92414855754944,237.08014847648354,50.0
114.60261877500704,526.0037361237655,0.10678127068807572,0.7788624087374963,0.7233898517280839,57.50219776983489,55.4161734805581,50.0
59.61094489944753,547.2070800852131,0.09120257809398269,0.8512089384823673,0.740627766324364,481.88557465788614,524.6164632952408,50.0
149.22139600241323,572.7579245930007,0.10508379977152082,0.9024722427414346,0.735969038847445,53.87855116630112,64.70722519136427,50.0
93.75528673471172,503.60306978170394,0.0411941024667551,0.8345373239314852,0.8795170403002152,249.21216588534614,247.33976895845532,50.0
132.5106888837111,446.60379287936695,0.17010272071707608,0.8676862480906904,0.7526907748574765,156.52421413422482,146.91163218567357,50.0
88.18788948408172,451.6600858255184,0.17872185710569607,0.8838536583501669,0.8120213718207691,269.55508787568584,260.2270519100852,50.0
58.595905511095495,525.3605260129688,0.09739880168686219,0.9491290353348698,0.8200458788154719,268.6485227853259,315.0536023122956,50.0
142.11453398036502,490.22601395956826,0.15499188255564736,0.8672470997561523,0.8230917621753122,136.54209775295772,138.33345752391799,50.0
94.95107688368473,449.16371740451495,0.18637474397626477,0.8170813626992693,0.938066003633343,289.8748805426201,257.6104776557848,50.0
48.11328637533812,475.1642438015882,0.05586337796441983,0.8745908088366763,0.8117185488001097,400.0932372069216,396.49951415834744,50.0
60.86586733991177,432.913211685867,0.10501315695420285,0.9353170766436762,0.8776054537531028,238.5156311568134,234.48241362891335,50.0
167.84062549265585,533.2814609389839,0.0856646509541476,0.8671616788430488,0.7273705915172485,484.6265009634126,525.6675087339374,50.0
54.46989830367123,529.6060636110428,0.07927271400622887,0.8935122765297071,0.8942053418100702,353.0388780101447,392.15304595151974,50.0
41.00773953856613,466.18295315603905,0.07972599674093536,0.9476027924130843,0.7973474449167184,379.67571465817946,401.6431697932499,50.0
125.86152294334065,442.41624749547555,0.07823962883384822,0.8062569127106068,0.8027818195648447,155.44627954273705,133.9453577435408,50.0
77.39096311956621,401.4183625548742,0.14884011013285986,0.9150879791497257,0.7366520750900007,121.84985721521784,110.41938559734481,50.0
140.61165499600128,523.258149670829,0.04717768922043472,0.8745093980924563,0.7772294307109415,215.92631996188067,232.04800461745637,50.0
86.04992775757628,589.430587201271,0.10503403487233157,0.9043672070460219,0.8209693161410647,453.8895469349378,559.9449027482228,50.0
157.08657411102502,417.48336157421676,0.1898389330096361,0.9151069683040831,0.8978276785781667,140.41010285848512,131.6329644745423,50.0
70.48104682358112,590.4520156724648,0.04797762342386628,0.7799818506494279,0.8343952845128786,309.1066120050394,328.6889884068613,50.0
120.32101166212648,403.3938258630933,0.19365868393954086,0.7589176185468288,0.7357654881808505,56.30653288672564,42.58120085464278,48.40107599841104
123.23260325126499,564.5314936960855,0.04212499255337281,0.8584030596959452,0.8148907443763804,274.5355748993569,308.99299745267734,50.0
40.10984594692631,536.8870722138615,0.12051526637738152,0.9030297699722527,0.8213226585154287,117.22173630189444,133.3557634272721,50.0
152.13523886967408,522.6232478138484,0.06515262136911268,0.9424676114962414,0.8295913658338301,82.80430334224475,95.87292149879026,50.0
117.75660661810942,450.63978140256205,0.1685909523003684,0.9135644147132381,0.9447368389636654,275.84128896102663,274.6053725958359,50.0
48.545891887869715,509.38310275862483,0.12739961602093616,0.7678946245620775,0.8044960213767284,433.9781593552409,401.61102639611187,50.0
149.86150707925242,419.8475329839362,0.05451534123965294,0.802539095400387,0.9186915156384983,108.00616328307453,88.62258774473851,50.0
117.23929952469555,471.21345982382894,0.16622623407453874,0.7967380897650727,0.8598004573474899,156.05714055914822,140.59222413801464,50.0
129.91243963570153,574.7356069121497,0.060288287860281606,0.9233191377191007,0.8483938136035745,107.19972089016079,131.88883300052356,50.0
128.04870444131973,551.7736268835899,0.05692744324364783,0.8512279705389288,0.9036562640064792,471.2733686979484,516.0510475429221,50.0
101.8925013438478,590.0558447222814,0.12571023527296477,0.8288380989199816,0.9120507821382238,271.8422197061401,307.8673102811556,50.0
148.54990026176435,566.3883083376104,0.1045631987904338,0.816659971974105,0.8229820060097823,307.7476293816991,331.2477750522035,50.0
63.367209487919574,558.7910169431182,0.11783724251718766,0.8168091096839919,0.7267052482409976,157.48032218162314,167.66762225472314,50.0
53.64030051138494,492.13455833099863,0.0891340389376398,0.7570318500542388,0.7807863043198543,294.8488807727608,260.871282606173,50.0
107.23973208279537,471.31178423537773,0.1115684410004161,0.9431035836469532,0.7943371193075779,166.20206596699234,176.84088297644598,50.0
136.33282082037215,441.19763683769463,0.1534873803425229,0.7542299646698832,0.8047332444959865,399.1392793412541,322.1367663063025,48.07066784516947
77.4226138084204,512.7474202890799,0.07279667725214573,0.8983990782252345,0.7130697758171899,433.64419019397513,471.0613859791577,50.0
79.35409378207243,544.5367148948974,0.09107604764579016,0.9311823342469294,0.7316592813795936,130.3339051726694,154.5732978544306,50.0
99.02421752223232,416.3876878076292,0.07135682955228191,0.9387532764424028,0.9441224152869717,219.31669819868986,209.24908031702918,50.0
67.76394522232738,540.4797442161198,0.14542428905197716,0.9478250638217467,0.7662618218523207,352.42677619778095,423.6384290674296,50.0
37.28332570412257,422.7292077393439,0.04062693999217492,0.9498921362119346,0.9005684242868695,404.02535663009337,394.3305441319186,50.0
51.176999824774626,456.93494776929276,0.10015539550866226,0.9012620193960588,0.834915447225788,84.8676319499672,84.05092558229377,50.0
32.52406125424771,420.46643590681265,0.10567979419158069,0.9366385834098037,0.8593506203023054,410.8216549439818,394.8794361086651,49.007504115781856
45.17605218032718,575.1866044372409,0.16530560464446445,0.7836236195195451,0.8280651409690651,269.3186635645602,282.5122450291246,50.0
117.512817376114,589.2373787982523,0.13276343068199675,0.8580434533557237,0.712580733233666,78.30836420811077,91.7246396104599,50.0
49.047872820430015,567.2157801590562,0.06476576557537791,0.8102351173994717,0.7622442247903412,217.5381943578715,232.2486457740054,50.0
65.65292722459466,497.7901852876904,0.10518526101674966,0.9473138981558653,0.7139815875320563,113.98161937430822,127.50277975066989,50.0
37.63129883792074,567.2879474752247,0.12191018090910846,0.8554015249163067,0.8403986269280486,126.86616783779483,143.32125950369158,50.0
57.67664243602826,463.76346457460096,0.13495942653149623,0.7920235551880429,0.7290829317833153,486.5525988882945,429.3982226964447,50.0
48.98772624102388,429.1257293410847,0.1515890587579508,0.8785613182172347,0.8956864185628466,471.8665275795971,433.5635098028188,50.0
126.86983085732288,431.1703073102887,0.0789508186824657,0.9184387461746228,0.7523265189585521,82.63504262951663,79.4082749207483,50.0
158.8056073564265,530.0510142187323,0.05446703644666572,0.9395713134507321,0.7646393159100614,201.7456206828286,235.58301653551837,50.0
86.31645791569588,410.24485928086267,0.11944246755689678,0.7746636982150584,0.800242581672088,207.81940459643795,162.03044141912807,50.0
51.47780353447232,473.31023747584527,0.09973650576509308,0.780282088787217,0.8996133762627976,368.25274775094044,325.157199530474,50.0
56.653450081584865,473.3443817187598,0.05692880397704228,0.8756413194186088,0.7303429811371549,493.670375881213,488.27342127697983,50.0
110.99895051910963,582.2683632432818,0.12865588486333218,0.784899697279591,0.7946758388952898,429.4151892633854,455.3413751606041,50.0
120.1898222385465,530.1448768667601,0.17869143771015827,0.9287946114925009,0.9299481429448591,92.68213696392024,107.53656462082947,50.0
135.96975831778195,521.3432403940008,0.06668597362938787,0.9094841107883328,0.8800278333787364,88.76109719706633,98.97274352495653,50.0
94.93337545441267,434.7954799043607,0.0939963273140755,0.7536162184411371,0.8000824671026895,297.4446145202947,236.32885633372206,50.0
147.0807838343444,443.092581455146,0.05927709159015487,0.9203074343795851,0.7391532037231624,488.6420366012879,480.79727436706514,50.0
147.95535211580918,500.17532117791984,0.19702742798752404,0.7694753458216008,0.7757664402937754,337.20098676827513,308.8191527007442,50.0
39.18765234489446,509.88236641219294,0.13453860278321833,0.8805456247554448,0.7639165558329536,214.054892383939,227.40570047141938,50.0
148.11527415309686,438.988553794032,0.17229885554773794,0.8625310845805485,0.8905468777985205,371.1233148185622,341.421869845896,50.0
151.48124139271295,486.42324736038586,0.19465452323573068,0.8404430200203435,0.7356964091669711,225.24560603495294,220.08333520306502,50.0
163.2383368946752,463.94416986797086,0.17889570557873008,0.926250136336378,0.7875466310829902,87.46594612278446,90.48062039556707,50.0
139.60930599606013,488.53096965208664,0.11764267877481946,0.9055818813497073,0.7955908327654069,249.40730539531154,262.6610794008225,50.0
82.66666562774711,473.468103055456,0.1241514523042335,0.9117598889002301,0.7904420779806414,285.9146242419815,295.39413670341906,50.0
68.85319268633495,586.682625404691,0.1557655317329742,0.8654373352446617,0.861930013605153,63.184749396538265,74.43119765228843,50.0
116.53441517863756,501.9017746448404,0.1273199487647097,0.8218847653661634,0.7203684744282355,137.00265512542347,134.01356115268197,50.0
95.33564181632099,410.5419579706878,0.0460105967270369,0.8934362894093515,0.8345236660302777,278.91769289731997,250.03857619666138,50.0
64.03743425917361,548.9501463259844,0.0669178526573587,0.787986948732204,0.8151780428370689,178.8259379503734,180.54360974603145,50.0
121.13604433059623,564.9034139599859,0.10683337071567614,0.7646170182052301,0.7684165962303644,491.0024584385676,493.7446688005867,50.0
113.47620053257829,541.947416960204,0.041177252740066325,0.8536411464365041,0.7093821643829508,306.1535954411516,330.85105645934027,50.0
162.30239319478915,534.721966399339,0.050383884726145516,0.8431451155334995,0.7600612546160759,261.4119446519067,275.94294464875634,50.0
93.76518008089064,516.4289605629484,0.09708327845588019,0.7828540898911857,0.825929858647489,423.59129795559295,403.8057237682235,50.0
160.97322318624,582.4415142498365,0.0734957439014558,0.7578835170240726,0.8853271770876905,422.424617607119,431.73897070860244,50.0
165.50103923318974,577.9672788176622,0.13608556291302637,0.8560104678424761,0.7069602628156465,160.99540108015003,185.04787234857608,50.0
108.01525666457749,548.5271979363381,0.08476270894192653,0.8629905215304946,0.722035560847698,236.14948561244313,261.1207138373554,50.0
135.02251661364414,538.6801706858088,0.19850283794754864,0.8055782251975512,0.8245473247934947,198.28868619829854,202.43244194946413,50.0
125.78927052638812,576.4882382695164,0.07256177733310183,0.9246722235682876,0.7149405685445961,449.8696761967186,556.0034320460101,50.0
76.07032912450191,462.9175266828133,0.12193417227178624,0.9381380375446463,0.7119453411703514,208.5039387818354,217.4999415248883,50.0
57.881965663589384,484.95883626628233,0.1016884002386671,0.9330832402933407,0.8904835939357743,277.3020000848029,298.851996776892,50.0
168.37187934101996,493.0555062551847,0.04931805293124404,0.802454864362997,0.8090176200548281,120.60618086575404,113.09606171663302,50.0
131.0028819953401,588.2557857813596,0.18106165586806572,0.8530384452276427,0.8936631549482543,302.96513922241326,352.9177737388103,50.0
107.37854460637561,422.94839166763836,0.06018202528258433,0.8559067230044914,0.7672153862447516,59.466606107210886,52.369115859070405,50.0
165.63405668089263,496.8426278695283,0.05017622982044758,0.8603375935612924,0.9102740426540253,498.58217792664794,504.52725853491114,50.0
90.24804431647016,464.05974849934853,0.18506452751231983,0.7882484258152243,0.8538572287582316,232.57149088142648,204.84136181272785,50.0
67.13199315037444,537.2182307886974,0.1918064796307069,0.8036094374757276,0.9028664847879204,74.91191762228428,76.09431640018067,50.0
105.33694140557384,414.1100127419789,0.1894452785809023,0.903270256111478,0.864487477801148,420.7533717310989,386.77803130726863,50.0
129.95411270106803,584.9317219164493,0.12274110272170208,0.7734128825963725,0.8320444303557543,107.09277262839198,112.31335838605109,50.0
112.9490870846967,496.4986121055326,0.13961206365324508,0.7520093962109663,0.748710122913841,271.0986943604589,240.5606229404484,50.0
89.41208364750885,542.9392178013245,0.1366068411657789,0.8097852300196666,0.8027040988918569,147.96490948575462,152.49570898657868,50.0
165.2430042782292,426.12687631147196,0.09949388553062712,0.7551677944440023,0.7554448729833866,401.21201227106974,314.2619542440826,50.0
41.867261619686644,561.525173912595,0.16343573517753704,0.9330277640809792,0.9136288589776873,357.42900345791816,437.28102203672734,50.0
37.3266000220928,556.5697235973315,0.1752817297344897,0.9098164291543909,0.8271197588270065,154.80582739226674,183.36645360004064,50.0
167.3065644144392,431.13851955118656,0.0761063332883288,0.7923596299763005,0.8981349419053342,134.10828340255318,111.15879263268134,50.0
39.33237617526285,599.7121613171257,0.04397075383122386,0.9170488120317731,0.7913417103876632,428.72695689101687,543.2037436951832,50.0
159.66701809804772,401.8196362561552,0.052065948158846125,0.8000717459141711,0.8673288540908753,449.7224884301777,354.8601920494893,50.0
94.39187318115479,521.3946232548531,0.07015997644728979,0.910993366776337,0.9418320278383674,170.86951981156886,190.88665444194172,50.0
108.27913190481557,500.55668836933614,0.06310983746481241,0.8384132426236149,0.7835261630216408,284.8238938873352,282.80355320769166,50.0
111.99160696003189,401.6991157214419,0.16176095727192885,0.8926028583723481,0.7915715965516306,73.82117100596821,65.33199375071356,50.0
55.7338045274541,515.387224668968,0.0647746231435928,0.8212387886922758,0.8742532534835656,302.0521923542068,301.14443907073763,50.0
84.10475900591094,484.0499203615084,0.1299377412197167,0.7511729455774323,0.7196274671134024,446.5661304933552,387.30761994380845,50.0
158.80534297526737,454.1367208603462,0.09927862992952229,0.8637842811689432,0.9204272424096461,473.85751426718906,447.4737242563146,50.0
133.53885473557753,417.3239521709388,0.14706466488557612,0.8320607443745324,0.8176752498727653,72.11677565532966,61.32572813187475,50.0
93.55423662670037,460.3324483262298,0.10144305183439331,0.920879902665136,0.8872497543512392,172.54192873148725,175.69099600737704,50.0
46.45025762973226,450.39964432881436,0.1873210321687574,0.866317767569951,0.8333700521861956,318.3771198616077,300.6847771894426,50.0
103.26007490203497,423.3495805537591,0.060650419972650076,0.8573718293005237,0.9341425545177098,188.75845475428943,166.64784355467543,50.0
151.73576364029054,552.8191173157759,0.0796499908651051,0.7572681496632485,0.7254618162855957,377.8222702313481,368.976962412389,50.0
100.23788324089948,545.0936336900326,0.05811699572146006,0.8312732810554923,0.8212682272856738,293.37217878719287,310.4723421838258,50.0
144.57048979533033,434.3356390086434,0.16925303229225958,0.8885756855393304,0.8389677035497398,364.78754168115734,342.66080843163695,50.0
123.20713363715143,504.93446133712445,0.1422999680868441,0.817599756205698,0.9267166443349589,314.3164408590096,307.60696732272095,50.0
41.956347800722334,489.96079814088574,0.1610169687589815,0.9088269123464544,0.8236492631909397,452.6364068740855,480.46666158694507,50.0
155.8035674796558,579.2513432943158,0.14971404301194896,0.921796109424444,0.7221933167390582,439.24773929349936,544.9864683666001,50.0
74.88678691703174,435.66630248564326,0.07829917381472742,0.8335937016027773,0.7627980011511167,194.25541370742457,170.876332289948,50.0
110.11973403588016,488.3707416182128,0.09547500179774579,0.8992904257714227,0.9233774928483294,390.55515030607864,407.95029263910425,50.0
76.48009829647509,548.8884335675107,0.06431682919584819,0.7760635976182582,0.7864067592590397,413.4660660698257,411.0397686169067,50.0
107.74141554594539,505.51592448507006,0.1448697565505058,0.7966375108843232,0.9161007467985993,189.21585293600577,180.62376572150842,50.0
127.17843155667316,403.22492927444296,0.09962514078306356,0.8203419635917617,0.8358711071457536,82.73131779973843,67.28641888964819,50.0
124.78529408348143,560.6424246488186,0.1299003129986421,0.898176641344397,0.8654650780537514,209.98840871840343,246.65602329024958,50.0
143.24019546469913,458.9402739771056,0.13139406684024274,0.8990795478283079,0.7947389774531268,186.24542342784127,184.9395883253781,50.0
160.18904684039308,509.01668257197804,0.1458345928517843,0.9306547244477827,0.7246367128532356,154.43536003977425,173.23655149104601,50.0
129.24600087522154,564.7488923824599,0.17712464453289248,0.8330214353709865,0.7223349755729667,247.00166478482896,271.26146571892997,50.0
138.1174579572508,415.1054172051774,0.17241299479691236,0.8355338171648338,0.8490159827751487,90.34350405605555,76.90654837538305,49.921844053081024
77.23027097001915,417.94018380296916,0.19384699566097754,0.91145232986525,0.814908188589115,150.621146745652,140.79471993774735,50.0
52.537820436232465,512.632877690791,0.19100385925517058,0.7507660581000645,0.7595312108134996,472.30143818468343,430.7590226237571,50.0
53.95203536000268,422.64869032796395,0.1312299545279687,0.922368764658966,0.8192774544234815,497.55391550803614,473.5491278025019,50.0
168.99649843547655,481.57884735603807,0.08598440541527722,0.8615758367155771,0.7760768979552161,88.90587820406854,87.89423169601953,50.0
30.19996803108474,489.91667058405244,0.17389814755625477,0.8644630371260152,0.9498018247358602,179.08099054124,180.89856924130666,50.0
52.96890235714692,457.03731920200954,0.16685440724376435,0.9311513581272896,0.9437717924269202,154.53034434340367,158.62809051663788,50.0
153.38165638597283,465.65101785546744,0.058054487122701504,0.9240049851040331,0.8590264086609046,124.12890323647778,127.79452318442847,50.0
133.1512396194276,490.6832461248536,0.1982847912170216,0.760948996451919,0.7887538165340616,266.8550751994899,237.84389832911015,50.0
100.43869766476477,463.18716447712734,0.1566784398556109,0.9249494146977949,0.9346798254944657,412.2920195597868,424.90249440950515,50.0
145.62435169975404,460.7007818295904,0.1037566019374743,0.8133826027637089,0.8168468338619813,178.51082730738636,160.67412563810606,50.0
164.62560191562255,462.5689256011336,0.055687126097750374,0.8553634332100827,0.7142747696112941,99.74442483886124,94.52541183131024,50.0
90.6551305232639,559.9383724005583,0.15831594462145815,0.8352636587981402,0.7834260518939075,192.41095282767435,210.1804090245894,50.0
138.35931222116125,410.4144812442539,0.04205146392169693,0.9091088783853296,0.8192865939972622,108.89651234910919,99.28900467625472,50.0
97.51153224722572,504.06472523827716,0.19603912564543338,0.9431540887768574,0.7538172614464586,414.99705483739314,468.87774276433464,50.0
57.61397326338235,442.7074955767903,0.14817488546633228,0.8310002197175097,0.93288610177663,90.05438070320398,80.2849896955312,50.0
156.5759124671307,431.3058426831482,0.09866203201543303,0.8738242800093392,0.7398487211928505,485.6099774205824,444.5128386595008,50.0
158.06490602187245,433.3900358068938,0.059384873801757665,0.767081696561653,0.9273609160091577,137.13071440795736,110.42361447294013,50.0
113.86154618989946,414.347068749485,0.07628137878408256,0.9362980773837852,0.9271025268171423,401.5807913325615,380.7023999896195,50.0
32.71617438655016,465.4013536992204,0.14047339765486525,0.8050380423546951,0.9273966737634443,335.25025782459886,301.68927928783074,49.1511366154218
84.99747070739633,435.93024359106835,0.13249153632198601,0.941595870649778,0.8257681500679022,87.31156162751651,87.0203920112755,50.0
116.80018668683718,468.0445988902514,0.17694803033460765,0.836935629663294,0.7482099022355614,135.99753021101523,128.04160955957326,50.0
137.41267518229122,441.1774621533199,0.0914698189922095,0.8430973944879399,0.9357989624233627,469.2791411392211,422.1281162389992,50.0
58.96206255912029,471.64380824861456,0.06390390215260358,0.8519970158626994,0.8151456376736665,455.3420731028296,437.01910530721113,50.0
98.84331202265852,579.2472498292266,0.16907324923920986,0.7507312622689298,0.7800148910458956,239.79840887125664,242.4832143883114,50.0
62.16027971565244,439.91432317918776,0.04604552105530875,0.878673945013952,0.7656275726207914,73.5562302940909,68.64758529196234,50.0
149.20848543051653,496.6132490386605,0.1065713072653898,0.9455707387003562,0.7501411648970174,146.9116772845738,163.7194282762759,50.0
70.86140478509597,434.5514636562175,0.10069849571266985,0.9321668453979507,0.8538369601571435,235.37594687551865,231.28802127223332,50.0
116.17736724704508,407.9115013125226,0.10448620126514116,0.8798307929661745,0.8745176366008504,337.1629561323212,296.95703254011573,50.0
74.87885141052944,418.7040247195819,0.10833799142709347,0.7757508874736111,0.9369059146301667,263.82688971018274,209.33538791433554,50.0
99.71280296151694,462.00680480249,0.16991483878252828,0.9234304302002243,0.8682520415721692,71.13399008345029,73.07772558698825,50.0
109.2852032233145,552.6589823994564,0.061840481933373145,0.7957341502769206,0.9206237762670341,59.054774833883314,60.544834738660576,50.0
92.54810223754495,401.41930649897745,0.17110371695463886,0.8219649801273132,0.8351914078251357,354.78530885104675,289.11134949745815,50.0
128.36814070130822,591.1960117652145,0.12501439251785745,0.8299439101948856,0.9384259066229269,338.9496057614845,385.0117420114607,50.0
147.95763020512538,472.4363205588303,0.145675155418309,0.8441632838731796,0.7497324449487596,320.7589738792093,306.557326541161,50.0
38.49562965309552,482.66849197423846,0.12745839034618736,0.8372093948237158,0.8871680438127476,422.5662295453906,407.44780342930403,50.0
160.87508566213216,566.9913550104234,0.17480552133628827,0.810641638751935,0.8073619742696756,261.8176762921718,280.73513682791366,50.0
52.032021668987454,406.2136260488913,0.1915044639136827,0.7981425171327013,0.7599872259309077,87.52057419594179,69.9937720813086,47.07751387020089
123.38515999754954,582.3153774526105,0.09529922702412633,0.8743014622276168,0.7096998636822218,134.0476377040082,158.14654075747598,50.0
146.37441271259195,553.3536712676671,0.09610283063314351,0.8253621255548425,0.8333886083883948,50.108452108310544,53.41388065617893,50.0
65.06761254496689,561.1811685066882,0.08474781704743091,0.7883042644100297,0.8260658651982579,439.5402663677294,452.72565565064593,50.0
63.78895853724998,415.70724855855974,0.09702475773594635,0.8995303649129955,0.8376726361736986,417.55701630845635,381.7147101493043,50.0
35.609672088757335,596.8643957628083,0.1013569796120068,0.7804456427833734,0.8666772138491141,177.9297300929567,191.46588205683108,50.0
112.00895793034667,517.3535815689182,0.11131677134445908,0.9172237231090085,0.7662417653888607,251.88466622798038,281.9252742864384,50.0
139.75605907078253,478.9614565756512,0.14336751105545537,0.7801221906137038,0.9331620251356196,222.3764628894516,198.65136814756613,50.0
132.13299907670137,404.06821637643554,0.07282994286476913,0.8474165088647155,0.9195631169330866,287.26481747780474,241.43142597650882,50.0
98.66287354303299,423.94935770010636,0.16842499906435518,0.7993930824934125,0.9249031223430787,459.87089914867823,380.96947468208924,50.0
162.06341566238095,504.046097820618,0.1483350055653831,0.9057031760123326,0.7327536546626163,320.43073774887375,346.95479237068923,50.0
51.677975426831836,436.58458519241697,0.09840761067081624,0.8364874333433006,0.8557931061330468,83.49278829733205,73.89768123624638,50.0
100.51684657324225,436.5250260506202,0.1318360280050787,0.8774809224522366,0.8391773141382134,382.23297971523846,355.40615338536037,50.0
90.58739143914711,496.83689966451936,0.14369634036177142,0.7536716767998448,0.863498555355062,328.36331708245194,292.2366842759143,50.0
73.37859634545919,417.1588569798979,0.05454967198608658,0.9346447493970457,0.8723198303064592,107.19617619683318,101.89810743181322,50.0
146.98003871269083,408.7321857426017,0.07786130103520142,0.927949798059076,0.7022913875459541,140.62959625724932,130.6743471226907,50.0
164.26338463621522,522.6803693044342,0.08186741866200103,0.7633982188791695,0.7070478351118055,160.13528583661727,150.2970666780288,50.0
130.84667168323904,583.6570070759915,0.10528647385645065,0.7882554742074794,0.8292794827142298,458.6376591769345,488.98905155434215,50.0
142.6124179792781,413.16596867263075,0.1508116480124131,0.8643795044917907,0.9268657940866063,105.11663758263376,92.1211335060932,50.0
87.40333014384402,496.3989835465734,0.051273708426713326,0.8056287280897821,0.7811266622922368,475.3051019351991,450.0688313338302,50.0
69.57343047576227,492.1737470539304,0.14740870777028478,0.7824366744815755,0.8216105967854685,382.34256776415845,350.52978507170246,50.0
123.6674921443727,425.2566945169138,0.19132423955941555,0.7765148154968965,0.8936682342954495,169.16734480024348,136.6258439815812,50.0
160.7030401181752,543.9919078738959,0.16061019407653904,0.7938118346119767,0.8107599941587902,328.0159375651789,332.25235284153456,50.0
164.73114430363398,578.0441341109112,0.0832557744792935,0.9145520486064663,0.8295809807599558,257.8129167029084,316.00885875430373,50.0
74.02077481359676,516.1937173263185,0.15678225883257565,0.8321865809925516,0.857304798252073,364.69081451988666,370.3275336178131,50.0
150.36469279590938,491.6506629530096,0.08198657307139431,0.7983529014959363,0.8207535282109876,449.07419276103167,418.53611468200194,50.0
82.96866143557057,549.9451493567087,0.05549099695795498,0.8452113404302123,0.9479215350981839,396.69701125655166,430.0683047342288,50.0
62.70746691079932,481.91218545250183,0.16481344379759436,0.9042449630580807,0.7570250944755963,465.00049316968705,484.4138044942696,50.0
112.95954558707575,475.9848581924029,0.1203096929249377,0.8710142506875487,0.8399726329614463,268.8822659912802,266.51645890292144,50.0
143.7826066026551,508.3520639882031,0.0609727778727525,0.9032314203165556,0.9331109945943377,476.2881046566329,516.1316982063707,50.0
81.66248253756419,427.1033747121508,0.12294394026129044,0.7725218458698442,0.9334968546281542,132.6108323098157,106.5788155162316,50.0
83.6430255982776,558.9325784795778,0.11301069128815397,0.7841536520006673,0.7668024738715185,279.1010233343849,285.2849502625774,50.0
50.643548439658886,522.3311351292028,0.13051956904818335,0.8929404632764515,0.9344261538448418,460.51455249552004,506.2794779779815,50.0
155.31192418728403,594.4106949246976,0.17749199217127618,0.7720035442255088,0.9368569995149483,240.5111123078537,255.80429680493444,50.0
31.303440706729514,488.4787481496387,0.04737106714807482,0.8587755842322234,0.7846385068592627,263.04572011732193,261.88855716552246,50.0
122.66622070607,486.8097736956361,0.17110845658725843,0.9311164275146264,0.7299399916080492,289.36983989875614,313.1329508826041,50.0
